日時,始値,高値,安値,終値,調整後終値,出来高(株)
2023/06/09,888.0,890.0,887.0,887.0,887.0,38600
2023/06/08,887.0,888.0,887.0,887.0,887.0,18900
2023/06/07,887.0,888.0,887.0,887.0,887.0,19900
2023/06/06,887.0,888.0,887.0,887.0,887.0,31600
2023/06/05,888.0,890.0,887.0,887.0,887.0,52400
2023/06/02,887.0,888.0,887.0,887.0,887.0,38600
2023/06/01,887.0,889.0,887.0,887.0,887.0,26500
2023/05/31,887.0,889.0,887.0,887.0,887.0,91700
2023/05/30,887.0,888.0,887.0,887.0,887.0,18400
2023/05/29,887.0,888.0,887.0,887.0,887.0,48500
2023/05/26,887.0,888.0,887.0,887.0,887.0,12700
2023/05/25,887.0,888.0,887.0,887.0,887.0,39300
2023/05/24,887.0,888.0,887.0,887.0,887.0,72400
2023/05/23,887.0,888.0,887.0,887.0,887.0,42900
2023/05/22,887.0,888.0,887.0,887.0,887.0,46200
2023/05/19,887.0,888.0,887.0,887.0,887.0,21800
2023/05/18,887.0,888.0,887.0,887.0,887.0,7400
2023/05/17,887.0,888.0,887.0,887.0,887.0,39300
2023/05/16,887.0,888.0,887.0,887.0,887.0,26200
2023/05/15,887.0,888.0,887.0,887.0,887.0,42700
2023/05/12,887.0,888.0,887.0,887.0,887.0,36200
2023/05/11,887.0,888.0,887.0,887.0,887.0,11700
2023/05/10,887.0,888.0,887.0,887.0,887.0,26000
2023/05/09,886.0,888.0,886.0,886.0,886.0,24300
2023/05/08,886.0,888.0,886.0,887.0,887.0,43400
2023/05/02,887.0,888.0,886.0,887.0,887.0,20800
2023/05/01,886.0,888.0,886.0,886.0,886.0,22300
2023/04/28,887.0,888.0,886.0,886.0,886.0,66500
2023/04/27,886.0,887.0,886.0,886.0,886.0,52700
2023/04/26,886.0,887.0,886.0,886.0,886.0,40400
2023/04/25,886.0,887.0,886.0,887.0,887.0,47900
2023/04/24,886.0,887.0,886.0,887.0,887.0,38800
2023/04/21,887.0,887.0,886.0,886.0,886.0,17400
2023/04/20,886.0,887.0,886.0,886.0,886.0,31100
2023/04/19,886.0,887.0,886.0,886.0,886.0,52900
2023/04/18,887.0,887.0,886.0,886.0,886.0,76600
2023/04/17,886.0,887.0,886.0,887.0,887.0,7700
2023/04/14,889.0,889.0,886.0,886.0,886.0,70100
2023/04/13,886.0,888.0,886.0,888.0,888.0,183900
2023/04/12,886.0,887.0,886.0,886.0,886.0,35700
2023/04/11,886.0,887.0,886.0,886.0,886.0,53200
2023/04/10,886.0,887.0,886.0,886.0,886.0,202600
2023/04/07,886.0,887.0,886.0,886.0,886.0,27600
2023/04/06,886.0,887.0,885.0,887.0,887.0,163200
2023/04/05,885.0,886.0,884.0,886.0,886.0,63900
2023/04/04,884.0,886.0,883.0,885.0,885.0,122600
2023/04/03,884.0,885.0,883.0,883.0,883.0,244000
2023/03/31,883.0,884.0,882.0,883.0,883.0,309400
2023/03/30,883.0,885.0,882.0,882.0,882.0,296600
2023/03/29,883.0,884.0,881.0,881.0,881.0,124000
2023/03/28,884.0,884.0,882.0,883.0,883.0,133100
2023/03/27,886.0,888.0,886.0,887.0,887.0,211600
2023/03/24,887.0,887.0,885.0,885.0,885.0,211200
2023/03/23,885.0,887.0,885.0,886.0,886.0,222700
2023/03/22,886.0,887.0,885.0,885.0,885.0,286300
2023/03/20,884.0,886.0,884.0,884.0,884.0,302900
2023/03/17,885.0,885.0,884.0,884.0,884.0,140800
2023/03/16,884.0,885.0,884.0,884.0,884.0,172600
2023/03/15,885.0,887.0,884.0,884.0,884.0,658600
2023/03/14,885.0,885.0,884.0,884.0,884.0,205100
2023/03/13,885.0,885.0,884.0,885.0,885.0,599700
2023/03/10,886.0,886.0,885.0,885.0,885.0,162800
2023/03/09,886.0,887.0,885.0,885.0,885.0,141600
2023/03/08,886.0,887.0,886.0,886.0,886.0,70600
2023/03/07,886.0,887.0,886.0,886.0,886.0,249700
2023/03/06,887.0,887.0,885.0,886.0,886.0,257600
2023/03/03,887.0,887.0,885.0,886.0,886.0,311000
2023/03/02,886.0,887.0,885.0,886.0,886.0,310700
2023/03/01,885.0,887.0,885.0,886.0,886.0,733600
2023/02/28,885.0,886.0,885.0,885.0,885.0,358900
2023/02/27,885.0,886.0,885.0,885.0,885.0,390600
2023/02/24,885.0,886.0,885.0,885.0,885.0,112300
2023/02/22,885.0,886.0,885.0,885.0,885.0,363600
2023/02/21,885.0,886.0,885.0,885.0,885.0,162300
2023/02/20,885.0,886.0,885.0,885.0,885.0,640500
2023/02/17,886.0,886.0,885.0,886.0,886.0,904700
2023/02/16,886.0,887.0,885.0,886.0,886.0,2359900
2023/02/15,877.0,877.0,877.0,877.0,877.0,78600
2023/02/14,727.0,727.0,727.0,727.0,727.0,13000
2023/02/13,635.0,638.0,618.0,627.0,627.0,162000
2023/02/10,641.0,656.0,631.0,642.0,642.0,133500
2023/02/09,640.0,647.0,631.0,641.0,641.0,71000
2023/02/08,610.0,641.0,607.0,640.0,640.0,182300
2023/02/07,597.0,606.0,591.0,597.0,597.0,36300
2023/02/06,609.0,609.0,590.0,597.0,597.0,66200
2023/02/03,603.0,607.0,593.0,602.0,602.0,66500
2023/02/02,589.0,614.0,588.0,603.0,603.0,181800
2023/02/01,586.0,593.0,581.0,589.0,589.0,38100
2023/01/31,575.0,586.0,575.0,581.0,581.0,40900
2023/01/30,581.0,585.0,575.0,575.0,575.0,33000
2023/01/27,581.0,589.0,580.0,581.0,581.0,47600
2023/01/26,590.0,591.0,580.0,582.0,582.0,22500
2023/01/25,588.0,593.0,579.0,590.0,590.0,33000
2023/01/24,591.0,592.0,581.0,588.0,588.0,37900
2023/01/23,590.0,597.0,582.0,591.0,591.0,75700
2023/01/20,577.0,583.0,569.0,581.0,581.0,24700
2023/01/19,583.0,585.0,575.0,576.0,576.0,56200
2023/01/18,568.0,595.0,567.0,588.0,588.0,153200
2023/01/17,560.0,569.0,560.0,567.0,567.0,13000
2023/01/16,568.0,569.0,557.0,569.0,569.0,26000
2023/01/13,563.0,571.0,559.0,568.0,568.0,43400
2023/01/12,568.0,573.0,563.0,573.0,573.0,29200
2023/01/11,559.0,568.0,558.0,568.0,568.0,24600
2023/01/10,553.0,561.0,553.0,560.0,560.0,34200
2023/01/06,550.0,555.0,546.0,555.0,555.0,19700
2023/01/05,555.0,560.0,552.0,555.0,555.0,25800
2023/01/04,566.0,571.0,552.0,552.0,552.0,47900
2022/12/30,561.0,578.0,560.0,569.0,569.0,109400
2022/12/29,517.0,565.0,517.0,553.0,553.0,165700
2022/12/28,527.0,536.0,512.0,524.0,524.0,173800
2022/12/27,535.0,539.0,526.0,529.0,529.0,102300
2022/12/26,535.0,537.0,524.0,537.0,537.0,104400
2022/12/23,528.0,540.0,526.0,535.0,535.0,96700
2022/12/22,545.0,546.0,533.0,538.0,538.0,57900
2022/12/21,537.0,544.0,526.0,543.0,543.0,50400
2022/12/20,558.0,558.0,524.0,537.0,537.0,222100
2022/12/19,570.0,580.0,555.0,555.0,555.0,88500
2022/12/16,574.0,593.0,566.0,573.0,573.0,227100
2022/12/15,567.0,567.0,557.0,567.0,567.0,53700
2022/12/14,555.0,578.0,555.0,568.0,568.0,139800
2022/12/13,563.0,570.0,553.0,553.0,553.0,84300
2022/12/12,553.0,572.0,552.0,563.0,563.0,158700
2022/12/09,543.0,559.0,543.0,553.0,553.0,59500
2022/12/08,545.0,548.0,534.0,542.0,542.0,97700
2022/12/07,548.0,554.0,542.0,544.0,544.0,45800
2022/12/06,550.0,557.0,546.0,550.0,550.0,50300
2022/12/05,557.0,561.0,549.0,551.0,551.0,88200
2022/12/02,556.0,559.0,547.0,558.0,558.0,61800
2022/12/01,555.0,559.0,548.0,557.0,557.0,48400
2022/11/30,561.0,561.0,545.0,546.0,546.0,73700
2022/11/29,559.0,565.0,554.0,564.0,564.0,56300
2022/11/28,555.0,561.0,551.0,561.0,561.0,69500
2022/11/25,561.0,569.0,551.0,551.0,551.0,134000
2022/11/24,564.0,573.0,552.0,562.0,562.0,134600
2022/11/22,584.0,584.0,566.0,566.0,566.0,63900
2022/11/21,587.0,587.0,569.0,576.0,576.0,86000
2022/11/18,607.0,607.0,582.0,582.0,582.0,91500
2022/11/17,616.0,620.0,609.0,613.0,613.0,39600
2022/11/16,613.0,622.0,605.0,622.0,622.0,133100
2022/11/15,591.0,613.0,556.0,613.0,613.0,240600
2022/11/14,576.0,600.0,565.0,599.0,599.0,134800
2022/11/11,565.0,588.0,564.0,580.0,580.0,75200
2022/11/10,555.0,561.0,550.0,555.0,555.0,33800
2022/11/09,567.0,567.0,555.0,564.0,564.0,10100
2022/11/08,547.0,568.0,547.0,561.0,561.0,21100
2022/11/07,555.0,557.0,546.0,547.0,547.0,34000
2022/11/04,561.0,570.0,553.0,553.0,553.0,104700
2022/11/02,576.0,577.0,566.0,566.0,566.0,25100
2022/11/01,575.0,585.0,573.0,576.0,576.0,48600
2022/10/31,582.0,589.0,574.0,576.0,576.0,45700
2022/10/28,571.0,589.0,566.0,585.0,585.0,86300
2022/10/27,573.0,585.0,560.0,561.0,561.0,169500
2022/10/26,530.0,569.0,530.0,559.0,559.0,258100
2022/10/25,528.0,533.0,523.0,523.0,523.0,21300
2022/10/24,536.0,536.0,521.0,522.0,522.0,25800
2022/10/21,533.0,534.0,521.0,524.0,524.0,19900
2022/10/20,528.0,534.0,523.0,523.0,523.0,22500
2022/10/19,516.0,533.0,516.0,528.0,528.0,54300
2022/10/18,510.0,523.0,510.0,516.0,516.0,40700
2022/10/17,506.0,511.0,506.0,509.0,509.0,18200
2022/10/14,512.0,516.0,509.0,513.0,513.0,28100
2022/10/13,513.0,513.0,501.0,502.0,502.0,118600
2022/10/12,522.0,522.0,506.0,510.0,510.0,35100
2022/10/11,522.0,523.0,511.0,523.0,523.0,18900
2022/10/07,522.0,529.0,519.0,521.0,521.0,24000
2022/10/06,517.0,532.0,517.0,523.0,523.0,36000
2022/10/05,523.0,534.0,512.0,522.0,522.0,66000
2022/10/04,510.0,526.0,508.0,525.0,525.0,68000
2022/10/03,501.0,508.0,488.0,508.0,508.0,143600
2022/09/30,517.0,520.0,501.0,503.0,503.0,92400
2022/09/29,519.0,534.0,519.0,526.0,526.0,45900
2022/09/28,532.0,532.0,508.0,519.0,519.0,68700
2022/09/27,528.0,540.0,525.0,525.0,525.0,36200
2022/09/26,531.0,531.0,517.0,523.0,523.0,74100
2022/09/22,534.0,541.0,522.0,541.0,541.0,69900
2022/09/21,540.0,545.0,523.0,533.0,533.0,105400
2022/09/20,559.0,559.0,533.0,547.0,547.0,119800
2022/09/16,567.0,570.0,548.0,550.0,550.0,115800
2022/09/15,589.0,589.0,571.0,574.0,574.0,67800
2022/09/14,570.0,590.0,567.0,580.0,580.0,123900
2022/09/13,590.0,598.0,578.0,578.0,578.0,137800
2022/09/12,597.0,626.0,587.0,587.0,587.0,639600
2022/09/09,564.0,572.0,555.0,567.0,567.0,62700
2022/09/08,552.0,558.0,548.0,555.0,555.0,30400
2022/09/07,556.0,557.0,545.0,552.0,552.0,50200
2022/09/06,553.0,570.0,550.0,562.0,562.0,57300
2022/09/05,553.0,558.0,551.0,552.0,552.0,31500
2022/09/02,568.0,568.0,549.0,553.0,553.0,54000
2022/09/01,570.0,570.0,557.0,558.0,558.0,41200
2022/08/31,568.0,576.0,567.0,568.0,568.0,39900
2022/08/30,573.0,575.0,565.0,567.0,567.0,54700
2022/08/29,579.0,579.0,568.0,578.0,578.0,31900
2022/08/26,594.0,599.0,584.0,586.0,586.0,36900
2022/08/25,602.0,602.0,594.0,594.0,594.0,33800
2022/08/24,593.0,606.0,589.0,606.0,606.0,54100
2022/08/23,587.0,593.0,581.0,593.0,593.0,35700
2022/08/22,594.0,599.0,587.0,592.0,592.0,40200
2022/08/19,621.0,621.0,598.0,600.0,600.0,77300
2022/08/18,625.0,633.0,614.0,624.0,624.0,56100
2022/08/17,592.0,635.0,588.0,625.0,625.0,183600
2022/08/16,599.0,601.0,572.0,582.0,582.0,241200
2022/08/15,605.0,635.0,594.0,619.0,619.0,214200
2022/08/12,578.0,600.0,578.0,600.0,600.0,58200
2022/08/10,576.0,588.0,573.0,578.0,578.0,51800
2022/08/09,575.0,592.0,571.0,584.0,584.0,122500
2022/08/08,586.0,588.0,565.0,575.0,575.0,56100
2022/08/05,574.0,588.0,574.0,586.0,586.0,34700
2022/08/04,568.0,580.0,565.0,579.0,579.0,29900
2022/08/03,565.0,567.0,561.0,565.0,565.0,22200
2022/08/02,568.0,570.0,558.0,560.0,560.0,44100
2022/08/01,557.0,568.0,542.0,568.0,568.0,47600
2022/07/29,560.0,560.0,547.0,555.0,555.0,43400
2022/07/28,567.0,568.0,553.0,555.0,555.0,41400
2022/07/27,570.0,570.0,549.0,554.0,554.0,80600
2022/07/26,575.0,576.0,567.0,570.0,570.0,29400
2022/07/25,580.0,583.0,572.0,575.0,575.0,57700
2022/07/22,598.0,598.0,581.0,587.0,587.0,69700
2022/07/21,587.0,600.0,584.0,598.0,598.0,99400
2022/07/20,556.0,584.0,556.0,579.0,579.0,67800
2022/07/19,555.0,558.0,550.0,555.0,555.0,22500
2022/07/15,558.0,566.0,552.0,552.0,552.0,55300
2022/07/14,558.0,564.0,553.0,562.0,562.0,38500
2022/07/13,562.0,566.0,560.0,565.0,565.0,30900
2022/07/12,567.0,568.0,560.0,565.0,565.0,45600
2022/07/11,573.0,581.0,568.0,577.0,577.0,37300
2022/07/08,565.0,579.0,561.0,568.0,568.0,59900
2022/07/07,556.0,565.0,554.0,562.0,562.0,38100
2022/07/06,564.0,573.0,558.0,558.0,558.0,48900
2022/07/05,564.0,570.0,559.0,561.0,561.0,35900
2022/07/04,560.0,567.0,553.0,561.0,561.0,73600
2022/07/01,574.0,586.0,545.0,557.0,557.0,249200
2022/06/30,588.0,595.0,583.0,592.0,592.0,49900
2022/06/29,576.0,589.0,570.0,587.0,587.0,47200
2022/06/28,578.0,594.0,574.0,583.0,583.0,90700
2022/06/27,576.0,587.0,573.0,586.0,586.0,75400
2022/06/24,562.0,580.0,558.0,576.0,576.0,132200
2022/06/23,554.0,567.0,552.0,557.0,557.0,56100
2022/06/22,562.0,565.0,552.0,557.0,557.0,90700
2022/06/21,536.0,564.0,536.0,557.0,557.0,89400
2022/06/20,551.0,551.0,519.0,535.0,535.0,90900
2022/06/17,534.0,550.0,529.0,544.0,544.0,115200
2022/06/16,554.0,556.0,535.0,540.0,540.0,124600
2022/06/15,585.0,585.0,533.0,536.0,536.0,327700
2022/06/14,585.0,592.0,568.0,591.0,591.0,445700
2022/06/13,623.0,623.0,586.0,589.0,589.0,238800
2022/06/10,663.0,667.0,632.0,633.0,633.0,277000
2022/06/09,659.0,681.0,659.0,677.0,677.0,125700
2022/06/08,656.0,663.0,654.0,660.0,660.0,41600
2022/06/07,664.0,668.0,655.0,655.0,655.0,40200
2022/06/06,655.0,666.0,649.0,664.0,664.0,38800
2022/06/03,669.0,674.0,655.0,655.0,655.0,82500
2022/06/02,681.0,681.0,654.0,659.0,659.0,101400
2022/06/01,684.0,691.0,682.0,685.0,685.0,28700
2022/05/31,697.0,700.0,681.0,684.0,684.0,31300
2022/05/30,673.0,707.0,673.0,704.0,704.0,78000
2022/05/27,688.0,688.0,669.0,670.0,670.0,46500
2022/05/26,657.0,685.0,657.0,674.0,674.0,62500
2022/05/25,686.0,686.0,654.0,657.0,657.0,95900
2022/05/24,705.0,705.0,679.0,686.0,686.0,83800
2022/05/23,682.0,716.0,682.0,703.0,703.0,44400
2022/05/20,717.0,717.0,685.0,692.0,692.0,38700
2022/05/19,695.0,709.0,693.0,702.0,702.0,66100
2022/05/18,705.0,720.0,705.0,712.0,712.0,34000
2022/05/17,726.0,726.0,698.0,714.0,714.0,23100
2022/05/16,709.0,730.0,699.0,713.0,713.0,101000
2022/05/13,670.0,711.0,668.0,710.0,710.0,48200
2022/05/12,698.0,698.0,672.0,672.0,672.0,48900
2022/05/11,695.0,713.0,691.0,698.0,698.0,27100
2022/05/10,692.0,705.0,665.0,705.0,705.0,48600
2022/05/09,704.0,704.0,681.0,682.0,682.0,56400
2022/05/06,712.0,729.0,712.0,718.0,718.0,31500
2022/05/02,721.0,738.0,720.0,737.0,737.0,32800
2022/04/28,707.0,722.0,700.0,720.0,720.0,20300
2022/04/27,710.0,714.0,688.0,707.0,707.0,33800
2022/04/26,708.0,727.0,704.0,720.0,720.0,27000
2022/04/25,695.0,710.0,695.0,698.0,698.0,63200
2022/04/22,717.0,721.0,697.0,721.0,721.0,61600
2022/04/21,731.0,739.0,719.0,725.0,725.0,67700
2022/04/20,745.0,755.0,736.0,736.0,736.0,31500
2022/04/19,740.0,758.0,740.0,743.0,743.0,42600
2022/04/18,757.0,760.0,744.0,754.0,754.0,45200
2022/04/15,765.0,770.0,751.0,761.0,761.0,54900
2022/04/14,774.0,789.0,767.0,778.0,778.0,28900
2022/04/13,758.0,771.0,749.0,764.0,764.0,38700
2022/04/12,744.0,760.0,738.0,747.0,747.0,27200
2022/04/11,777.0,777.0,744.0,750.0,750.0,53800
2022/04/08,762.0,777.0,760.0,776.0,776.0,22500
2022/04/07,765.0,771.0,754.0,758.0,758.0,61100
2022/04/06,790.0,790.0,768.0,778.0,778.0,59900
2022/04/05,798.0,811.0,791.0,803.0,803.0,75800
2022/04/04,770.0,798.0,763.0,798.0,798.0,62700
2022/04/01,767.0,782.0,750.0,770.0,770.0,54200
2022/03/31,794.0,794.0,768.0,786.0,786.0,33000
2022/03/30,778.0,792.0,774.0,790.0,790.0,67600
2022/03/29,738.0,769.0,738.0,769.0,769.0,47100
2022/03/28,772.0,772.0,738.0,739.0,739.0,45300
2022/03/25,770.0,780.0,753.0,765.0,765.0,58400
2022/03/24,757.0,763.0,743.0,757.0,757.0,66400
2022/03/23,732.0,770.0,732.0,770.0,770.0,151000
2022/03/22,744.0,744.0,719.0,722.0,722.0,70800
2022/03/18,728.0,746.0,717.0,746.0,746.0,67100
2022/03/17,699.0,730.0,696.0,728.0,728.0,121700
2022/03/16,685.0,696.0,673.0,689.0,689.0,78100
2022/03/15,650.0,667.0,637.0,666.0,666.0,93800
2022/03/14,649.0,667.0,640.0,654.0,654.0,64600
2022/03/11,645.0,651.0,629.0,639.0,639.0,84700
2022/03/10,641.0,652.0,639.0,648.0,648.0,107000
2022/03/09,616.0,637.0,610.0,615.0,615.0,116700
2022/03/08,625.0,652.0,619.0,619.0,619.0,132700
2022/03/07,663.0,665.0,631.0,641.0,641.0,122100
2022/03/04,702.0,705.0,677.0,687.0,687.0,125800
2022/03/03,719.0,738.0,709.0,713.0,713.0,59200
2022/03/02,728.0,732.0,707.0,718.0,718.0,106100
2022/03/01,674.0,735.0,674.0,730.0,730.0,314900
2022/02/28,708.0,718.0,680.0,709.0,709.0,148700
2022/02/25,655.0,700.0,655.0,700.0,700.0,162400
2022/02/24,662.0,663.0,618.0,627.0,627.0,246900
2022/02/22,668.0,689.0,662.0,674.0,674.0,183700
2022/02/21,694.0,694.0,673.0,683.0,683.0,176300
2022/02/18,697.0,718.0,684.0,709.0,709.0,133000
2022/02/17,734.0,734.0,705.0,708.0,708.0,124200
2022/02/16,738.0,756.0,727.0,741.0,741.0,143300
2022/02/15,707.0,730.0,698.0,708.0,708.0,195600
2022/02/14,728.0,731.0,697.0,707.0,707.0,164800
2022/02/10,744.0,764.0,744.0,756.0,756.0,96000
2022/02/09,741.0,750.0,732.0,749.0,749.0,47500
2022/02/08,743.0,754.0,728.0,729.0,729.0,77400
2022/02/07,770.0,773.0,738.0,743.0,743.0,73500
2022/02/04,744.0,761.0,735.0,761.0,761.0,74500
2022/02/03,751.0,756.0,741.0,756.0,756.0,113400
2022/02/02,738.0,768.0,737.0,766.0,766.0,117400
2022/02/01,725.0,754.0,714.0,721.0,721.0,176600
2022/01/31,688.0,719.0,684.0,714.0,714.0,147000
2022/01/28,690.0,695.0,668.0,678.0,678.0,124200
2022/01/27,728.0,743.0,678.0,687.0,687.0,240700
2022/01/26,707.0,733.0,703.0,724.0,724.0,114900
2022/01/25,743.0,750.0,702.0,709.0,709.0,223200
2022/01/24,736.0,758.0,724.0,758.0,758.0,106400
2022/01/21,748.0,748.0,720.0,737.0,737.0,149000
2022/01/20,734.0,759.0,726.0,754.0,754.0,153200
2022/01/19,755.0,776.0,740.0,746.0,746.0,220200
2022/01/18,785.0,799.0,762.0,779.0,779.0,170300
2022/01/17,800.0,803.0,770.0,771.0,771.0,141600
2022/01/14,802.0,804.0,777.0,791.0,791.0,253200
2022/01/13,855.0,862.0,828.0,832.0,832.0,129500
2022/01/12,847.0,875.0,842.0,864.0,864.0,136800
2022/01/11,855.0,855.0,821.0,837.0,837.0,267000
2022/01/07,885.0,896.0,851.0,865.0,865.0,218700
2022/01/06,905.0,909.0,875.0,885.0,885.0,217800
2022/01/05,977.0,977.0,920.0,925.0,925.0,243800
2022/01/04,1029.0,1034.0,962.0,978.0,978.0,246400
2021/12/30,950.0,974.0,938.0,974.0,974.0,118200
2021/12/29,938.0,965.0,936.0,955.0,955.0,128600
2021/12/28,945.0,964.0,927.0,943.0,943.0,224600
2021/12/27,952.0,952.0,922.0,930.0,930.0,121200
2021/12/24,963.0,983.0,948.0,953.0,953.0,102900
2021/12/23,959.0,967.0,945.0,953.0,953.0,81100
2021/12/22,912.0,956.0,905.0,943.0,943.0,151600
2021/12/21,910.0,911.0,883.0,893.0,893.0,202400
2021/12/20,938.0,938.0,883.0,885.0,885.0,259700
2021/12/17,974.0,975.0,932.0,938.0,938.0,199000
2021/12/16,1000.0,1009.0,972.0,980.0,980.0,95600
2021/12/15,980.0,998.0,970.0,981.0,981.0,111600
2021/12/14,1000.0,1004.0,965.0,980.0,980.0,149000
2021/12/13,1008.0,1012.0,989.0,996.0,996.0,65200
2021/12/10,1014.0,1022.0,996.0,1005.0,1005.0,99100
2021/12/09,1029.0,1052.0,1023.0,1030.0,1030.0,85200
2021/12/08,1020.0,1031.0,1008.0,1025.0,1025.0,118700
2021/12/07,970.0,999.0,966.0,996.0,996.0,161600
2021/12/06,969.0,972.0,949.0,957.0,957.0,110100
2021/12/03,927.0,969.0,920.0,963.0,963.0,181700
2021/12/02,950.0,962.0,910.0,912.0,912.0,281900
2021/12/01,978.0,984.0,944.0,972.0,972.0,159700
2021/11/30,1025.0,1042.0,963.0,963.0,963.0,218300
2021/11/29,1018.0,1055.0,1010.0,1010.0,1010.0,133700
2021/11/26,1073.0,1075.0,1042.0,1052.0,1052.0,128400
2021/11/25,1090.0,1111.0,1070.0,1083.0,1083.0,144300
2021/11/24,1145.0,1145.0,1091.0,1098.0,1098.0,155600
2021/11/22,1122.0,1158.0,1089.0,1150.0,1150.0,172600
2021/11/19,1168.0,1180.0,1119.0,1119.0,1119.0,164200
2021/11/18,1200.0,1202.0,1147.0,1179.0,1179.0,220900
2021/11/17,1200.0,1242.0,1196.0,1214.0,1214.0,332400
2021/11/16,1186.0,1207.0,1155.0,1192.0,1192.0,405000
2021/11/15,1069.0,1213.0,1050.0,1168.0,1168.0,833300
2021/11/12,1035.0,1052.0,1019.0,1025.0,1025.0,193600
2021/11/11,1040.0,1055.0,1018.0,1053.0,1053.0,161300
2021/11/10,1049.0,1060.0,1039.0,1047.0,1047.0,61700
2021/11/09,1069.0,1077.0,1049.0,1049.0,1049.0,56800
2021/11/08,1096.0,1096.0,1055.0,1060.0,1060.0,118800
2021/11/05,1100.0,1103.0,1076.0,1102.0,1102.0,105600
2021/11/04,1099.0,1103.0,1075.0,1090.0,1090.0,114500
2021/11/02,1073.0,1088.0,1069.0,1076.0,1076.0,54000
2021/11/01,1075.0,1105.0,1062.0,1071.0,1071.0,105000
2021/10/29,1072.0,1085.0,1045.0,1058.0,1058.0,179200
2021/10/28,1060.0,1083.0,1059.0,1071.0,1071.0,92900
2021/10/27,1050.0,1070.0,1036.0,1066.0,1066.0,101700
2021/10/26,1025.0,1054.0,1018.0,1052.0,1052.0,150900
2021/10/25,1006.0,1028.0,993.0,1014.0,1014.0,103500
2021/10/22,1017.0,1028.0,1007.0,1011.0,1011.0,69500
2021/10/21,1050.0,1050.0,1015.0,1017.0,1017.0,141600
2021/10/20,1059.0,1070.0,1047.0,1053.0,1053.0,82000
2021/10/19,1040.0,1063.0,1026.0,1051.0,1051.0,150100
2021/10/18,1030.0,1044.0,1020.0,1033.0,1033.0,99000
2021/10/15,1002.0,1036.0,1000.0,1026.0,1026.0,161200
2021/10/14,1007.0,1022.0,991.0,998.0,998.0,131000
2021/10/13,994.0,1008.0,991.0,1006.0,1006.0,68100
2021/10/12,1015.0,1018.0,999.0,1007.0,1007.0,64000
2021/10/11,1005.0,1024.0,996.0,1022.0,1022.0,79700
2021/10/08,979.0,1015.0,979.0,1005.0,1005.0,127600
2021/10/07,958.0,986.0,958.0,970.0,970.0,103000
2021/10/06,970.0,988.0,951.0,958.0,958.0,119200
2021/10/05,961.0,977.0,938.0,965.0,965.0,177400
2021/10/04,1018.0,1018.0,963.0,972.0,972.0,276200
2021/10/01,997.0,1011.0,989.0,1006.0,1006.0,86900
2021/09/30,1016.0,1017.0,988.0,998.0,998.0,205800
2021/09/29,1015.0,1021.0,998.0,1018.0,1018.0,105000
2021/09/28,1038.0,1040.0,1014.0,1022.0,1022.0,137000
2021/09/27,1073.0,1076.0,1043.0,1048.0,1048.0,81700
2021/09/24,1030.0,1062.0,1020.0,1053.0,1053.0,159400
2021/09/22,1030.0,1037.0,994.0,1000.0,1000.0,279800
2021/09/21,1041.0,1041.0,1015.0,1028.0,1028.0,263800
2021/09/17,1060.0,1084.0,1060.0,1080.0,1080.0,63700
2021/09/16,1119.0,1122.0,1053.0,1066.0,1066.0,178800
2021/09/15,1110.0,1122.0,1096.0,1115.0,1115.0,98700
2021/09/14,1120.0,1134.0,1105.0,1123.0,1123.0,101200
2021/09/13,1083.0,1120.0,1083.0,1116.0,1116.0,134100
2021/09/10,1062.0,1093.0,1045.0,1093.0,1093.0,231800
2021/09/09,1057.0,1074.0,1038.0,1047.0,1047.0,111300
2021/09/08,1065.0,1082.0,1048.0,1069.0,1069.0,151800
2021/09/07,1080.0,1091.0,1058.0,1067.0,1067.0,135200
2021/09/06,1088.0,1088.0,1064.0,1073.0,1073.0,93400
2021/09/03,1048.0,1079.0,1040.0,1072.0,1072.0,106600
2021/09/02,1084.0,1094.0,1040.0,1053.0,1053.0,159100
2021/09/01,1095.0,1112.0,1065.0,1079.0,1079.0,171100
2021/08/31,1110.0,1115.0,1069.0,1100.0,1100.0,280500
2021/08/30,1058.0,1103.0,1045.0,1089.0,1089.0,609400
2021/08/27,1025.0,1025.0,990.0,996.0,996.0,166600
2021/08/26,1003.0,1025.0,1003.0,1021.0,1021.0,66300
2021/08/25,998.0,1033.0,998.0,1001.0,1001.0,107100
2021/08/24,1010.0,1024.0,997.0,997.0,997.0,81300
2021/08/23,963.0,1004.0,962.0,1004.0,1004.0,79300
2021/08/20,980.0,1010.0,969.0,975.0,975.0,151100
2021/08/19,1006.0,1026.0,984.0,988.0,988.0,129900
2021/08/18,991.0,1021.0,968.0,1012.0,1012.0,302300
2021/08/17,1040.0,1056.0,995.0,1005.0,1005.0,407800
2021/08/16,1071.0,1086.0,1038.0,1040.0,1040.0,297500
2021/08/13,1100.0,1100.0,1078.0,1084.0,1084.0,130000
2021/08/12,1121.0,1122.0,1092.0,1105.0,1105.0,132600
2021/08/11,1114.0,1134.0,1107.0,1133.0,1133.0,94200
2021/08/10,1090.0,1134.0,1076.0,1129.0,1129.0,129800
2021/08/06,1117.0,1117.0,1087.0,1090.0,1090.0,124800
2021/08/05,1106.0,1117.0,1085.0,1096.0,1096.0,113900
2021/08/04,1116.0,1120.0,1086.0,1103.0,1103.0,194100
2021/08/03,1131.0,1158.0,1116.0,1116.0,1116.0,93600
2021/08/02,1129.0,1149.0,1121.0,1125.0,1125.0,96500
2021/07/30,1144.0,1152.0,1110.0,1113.0,1113.0,228500
2021/07/29,1161.0,1174.0,1139.0,1155.0,1155.0,146200
2021/07/28,1196.0,1215.0,1152.0,1167.0,1167.0,226800
2021/07/27,1202.0,1241.0,1191.0,1214.0,1214.0,206900
2021/07/26,1190.0,1217.0,1165.0,1214.0,1214.0,247100
2021/07/21,1210.0,1242.0,1160.0,1172.0,1172.0,563500
2021/07/20,1191.0,1242.0,1186.0,1219.0,1219.0,444400
2021/07/19,1215.0,1230.0,1172.0,1221.0,1221.0,750800
2021/07/16,1238.0,1280.0,1226.0,1238.0,1238.0,840500
2021/07/15,1301.0,1343.0,1252.0,1267.0,1267.0,1686200
2021/07/14,1410.0,1430.0,1315.0,1315.0,1315.0,5046900
2021/07/13,1638.0,1756.0,1558.0,1710.0,1710.0,10337100
2021/07/12,1636.0,1666.0,1580.0,1666.0,1666.0,5982400
2021/07/09,1366.0,1366.0,1366.0,1366.0,1366.0,149800
2021/07/08,1113.0,1115.0,1061.0,1066.0,1066.0,60000
2021/07/07,1129.0,1137.0,1103.0,1103.0,1103.0,30300
2021/07/06,1166.0,1166.0,1122.0,1135.0,1135.0,41100
2021/07/05,1192.0,1192.0,1155.0,1155.0,1155.0,46900
2021/07/02,1173.0,1190.0,1165.0,1183.0,1183.0,20900
2021/07/01,1190.0,1196.0,1170.0,1175.0,1175.0,33200
2021/06/30,1226.0,1226.0,1190.0,1199.0,1199.0,32800
2021/06/29,1243.0,1253.0,1204.0,1208.0,1208.0,76000
2021/06/28,1195.0,1242.0,1185.0,1223.0,1223.0,83800
2021/06/25,1196.0,1196.0,1178.0,1189.0,1189.0,29600
2021/06/24,1210.0,1215.0,1162.0,1170.0,1170.0,76800
2021/06/23,1228.0,1239.0,1203.0,1223.0,1223.0,54200
2021/06/22,1180.0,1243.0,1180.0,1223.0,1223.0,155500
2021/06/21,1161.0,1178.0,1141.0,1151.0,1151.0,107800
2021/06/18,1224.0,1233.0,1186.0,1191.0,1191.0,77300
2021/06/17,1213.0,1221.0,1186.0,1210.0,1210.0,98200
2021/06/16,1176.0,1228.0,1173.0,1214.0,1214.0,98900
2021/06/15,1198.0,1198.0,1158.0,1182.0,1182.0,107100
2021/06/14,1151.0,1204.0,1133.0,1198.0,1198.0,109900
2021/06/11,1158.0,1166.0,1127.0,1134.0,1134.0,62400
2021/06/10,1122.0,1146.0,1103.0,1143.0,1143.0,44600
2021/06/09,1103.0,1135.0,1103.0,1122.0,1122.0,66700
2021/06/08,1072.0,1099.0,1050.0,1095.0,1095.0,52500
2021/06/07,1060.0,1071.0,1040.0,1063.0,1063.0,76100
2021/06/04,1110.0,1110.0,1056.0,1061.0,1061.0,103500
2021/06/03,1110.0,1115.0,1088.0,1108.0,1108.0,85900
2021/06/02,1105.0,1145.0,1091.0,1098.0,1098.0,97400
2021/06/01,1123.0,1123.0,1090.0,1100.0,1100.0,60100
2021/05/31,1139.0,1148.0,1110.0,1111.0,1111.0,29700
2021/05/28,1140.0,1145.0,1128.0,1131.0,1131.0,27500
2021/05/27,1155.0,1155.0,1128.0,1140.0,1140.0,46700
2021/05/26,1157.0,1179.0,1148.0,1155.0,1155.0,30000
2021/05/25,1136.0,1174.0,1136.0,1169.0,1169.0,67200
2021/05/24,1170.0,1172.0,1123.0,1126.0,1126.0,73100
2021/05/21,1160.0,1188.0,1154.0,1166.0,1166.0,102300
2021/05/20,1114.0,1151.0,1114.0,1140.0,1140.0,101000
2021/05/19,1086.0,1133.0,1078.0,1123.0,1123.0,86300
2021/05/18,1077.0,1105.0,1059.0,1088.0,1088.0,146500
2021/05/17,1171.0,1205.0,1076.0,1085.0,1085.0,337700
2021/05/14,1116.0,1118.0,1083.0,1095.0,1095.0,116100
2021/05/13,1109.0,1131.0,1072.0,1106.0,1106.0,142300
2021/05/12,1162.0,1170.0,1117.0,1141.0,1141.0,115700
2021/05/11,1190.0,1194.0,1159.0,1166.0,1166.0,88800
2021/05/10,1190.0,1208.0,1174.0,1193.0,1193.0,65000
2021/05/07,1198.0,1198.0,1160.0,1176.0,1176.0,60900
2021/05/06,1184.0,1214.0,1168.0,1185.0,1185.0,78600
2021/04/30,1191.0,1195.0,1162.0,1184.0,1184.0,93500
2021/04/28,1190.0,1202.0,1166.0,1200.0,1200.0,104600
2021/04/27,1236.0,1258.0,1197.0,1203.0,1203.0,113200
2021/04/26,1213.0,1244.0,1203.0,1224.0,1224.0,89300
2021/04/23,1229.0,1265.0,1190.0,1200.0,1200.0,214000
2021/04/22,1255.0,1282.0,1239.0,1243.0,1243.0,104700
2021/04/21,1260.0,1270.0,1212.0,1240.0,1240.0,181800
2021/04/20,1263.0,1301.0,1258.0,1282.0,1282.0,135900
2021/04/19,1299.0,1317.0,1244.0,1284.0,1284.0,326800
2021/04/16,1316.0,1325.0,1294.0,1308.0,1308.0,147700
2021/04/15,1304.0,1335.0,1278.0,1329.0,1329.0,230500
2021/04/14,1281.0,1327.0,1281.0,1317.0,1317.0,303200
2021/04/13,1355.0,1379.0,1271.0,1286.0,1286.0,632600
2021/04/12,1434.0,1460.0,1356.0,1368.0,1368.0,555900
2021/04/09,1385.0,1419.0,1351.0,1404.0,1404.0,404200
2021/04/08,1326.0,1381.0,1302.0,1373.0,1373.0,299200
2021/04/07,1347.0,1393.0,1290.0,1347.0,1347.0,728700
2021/04/06,1330.0,1486.0,1327.0,1375.0,1375.0,3056500
2021/04/05,1296.0,1334.0,1261.0,1267.0,1267.0,217400
2021/04/02,1295.0,1299.0,1241.0,1266.0,1266.0,207400
2021/04/01,1240.0,1281.0,1226.0,1272.0,1272.0,274800
2021/03/31,1184.0,1238.0,1180.0,1214.0,1214.0,166000
2021/03/30,1153.0,1224.0,1146.0,1184.0,1184.0,197900
2021/03/29,1210.0,1210.0,1149.0,1163.0,1163.0,144400
2021/03/26,1145.0,1205.0,1145.0,1204.0,1204.0,205200
2021/03/25,1117.0,1165.0,1101.0,1142.0,1142.0,268500
2021/03/24,1205.0,1205.0,1128.0,1132.0,1132.0,288500
2021/03/23,1200.0,1236.0,1172.0,1217.0,1217.0,260700
2021/03/22,1263.0,1281.0,1193.0,1208.0,1208.0,379900
2021/03/19,1260.0,1310.0,1233.0,1263.0,1263.0,598400
2021/03/18,1190.0,1278.0,1147.0,1275.0,1275.0,652900
2021/03/17,1210.0,1223.0,1155.0,1168.0,1168.0,566500
2021/03/16,1212.0,1236.0,1171.0,1227.0,1227.0,529200
2021/03/15,1152.0,1268.0,1120.0,1219.0,1219.0,695000
2021/03/12,1167.0,1225.0,1145.0,1154.0,1154.0,691600
2021/03/11,1118.0,1244.0,1101.0,1145.0,1145.0,912100
2021/03/10,1103.0,1155.0,1082.0,1121.0,1121.0,566400
2021/03/09,1142.0,1146.0,1051.0,1092.0,1092.0,659900
2021/03/08,1168.0,1214.0,1140.0,1188.0,1188.0,592600
2021/03/05,1215.0,1227.0,1133.0,1190.0,1190.0,656300
2021/03/04,1250.0,1282.0,1194.0,1228.0,1228.0,654400
2021/03/03,1427.0,1427.0,1245.0,1284.0,1284.0,859600
2021/03/02,1404.0,1547.0,1396.0,1457.0,1457.0,845800
2021/03/01,1590.0,1590.0,1366.0,1404.0,1404.0,868300
2021/02/26,1499.0,1569.0,1390.0,1534.0,1534.0,993300
2021/02/25,1440.0,1621.0,1440.0,1539.0,1539.0,1184000
2021/02/24,1335.0,1494.0,1308.0,1436.0,1436.0,864200
2021/02/22,1310.0,1380.0,1299.0,1365.0,1365.0,553500
2021/02/19,1320.0,1346.0,1242.0,1280.0,1280.0,834300
2021/02/18,1250.0,1363.0,1210.0,1342.0,1342.0,1304700
2021/02/17,1169.0,1245.0,1145.0,1201.0,1201.0,924200
2021/02/16,1044.0,1183.0,1044.0,1157.0,1157.0,844100
2021/02/15,1021.0,1066.0,981.0,1026.0,1026.0,511000
2021/02/12,1023.0,1060.0,1005.0,1045.0,1045.0,540800
2021/02/10,977.0,1055.0,951.0,1053.0,1053.0,729900
2021/02/09,933.0,1030.0,931.0,975.0,975.0,985200
2021/02/08,885.0,918.0,853.0,906.0,906.0,405200
2021/02/05,831.0,888.0,831.0,884.0,884.0,340500
2021/02/04,822.0,865.0,821.0,827.0,827.0,356000
2021/02/03,800.0,828.0,798.0,821.0,821.0,375200
2021/02/02,765.0,798.0,755.0,798.0,798.0,197100
2021/02/01,770.0,780.0,748.0,757.0,757.0,251600
2021/01/29,805.0,812.0,753.0,764.0,764.0,371900
2021/01/28,821.0,826.0,781.0,790.0,790.0,737000
2021/01/27,799.0,893.0,794.0,851.0,851.0,2882800
2021/01/26,770.0,770.0,741.0,743.0,743.0,79400
2021/01/25,780.0,783.0,750.0,766.0,766.0,162800
2021/01/22,749.0,846.0,742.0,770.0,770.0,953800
2021/01/21,737.0,750.0,736.0,749.0,749.0,40900
2021/01/20,730.0,748.0,730.0,739.0,739.0,71000
2021/01/19,728.0,731.0,724.0,730.0,730.0,20900
2021/01/18,713.0,725.0,702.0,725.0,725.0,45300
2021/01/15,744.0,746.0,715.0,721.0,721.0,117300
2021/01/14,726.0,740.0,723.0,739.0,739.0,74800
2021/01/13,741.0,752.0,724.0,731.0,731.0,64200
2021/01/12,760.0,770.0,739.0,745.0,745.0,112100
2021/01/08,730.0,760.0,730.0,752.0,752.0,101800
2021/01/07,727.0,733.0,722.0,723.0,723.0,37500
2021/01/06,724.0,735.0,720.0,727.0,727.0,60700
2021/01/05,724.0,731.0,714.0,731.0,731.0,60100
2021/01/04,749.0,750.0,714.0,730.0,730.0,90800
2020/12/30,718.0,746.0,718.0,730.0,730.0,84600
2020/12/29,705.0,728.0,702.0,726.0,726.0,101100
2020/12/28,712.0,720.0,693.0,695.0,695.0,149000
2020/12/25,712.0,736.0,693.0,708.0,708.0,244700
2020/12/24,713.0,724.0,710.0,717.0,717.0,106400
2020/12/23,722.0,731.0,706.0,712.0,712.0,98800
2020/12/22,747.0,750.0,709.0,709.0,709.0,175000
2020/12/21,768.0,770.0,745.0,748.0,748.0,95600
2020/12/18,750.0,768.0,747.0,760.0,760.0,71800
2020/12/17,754.0,766.0,747.0,754.0,754.0,104700
2020/12/16,772.0,776.0,752.0,762.0,762.0,63000
2020/12/15,805.0,805.0,771.0,778.0,778.0,66100
2020/12/14,783.0,808.0,777.0,803.0,803.0,122100
2020/12/11,774.0,811.0,750.0,759.0,759.0,419000
2020/12/10,766.0,771.0,736.0,742.0,742.0,127300
2020/12/09,780.0,783.0,766.0,773.0,773.0,78000
2020/12/08,780.0,799.0,768.0,780.0,780.0,111400
2020/12/07,818.0,820.0,783.0,783.0,783.0,97800
2020/12/04,818.0,831.0,808.0,816.0,816.0,75400
2020/12/03,813.0,827.0,808.0,824.0,824.0,46300
2020/12/02,816.0,832.0,808.0,822.0,822.0,50900
2020/12/01,798.0,830.0,796.0,822.0,822.0,79500
2020/11/30,825.0,829.0,796.0,800.0,800.0,71100
2020/11/27,820.0,830.0,810.0,822.0,822.0,58000
2020/11/26,818.0,830.0,810.0,823.0,823.0,103300
2020/11/25,850.0,850.0,821.0,826.0,826.0,65000
2020/11/24,855.0,870.0,841.0,846.0,846.0,94100
2020/11/20,845.0,856.0,833.0,850.0,850.0,54900
2020/11/19,840.0,851.0,813.0,845.0,845.0,108700
2020/11/18,866.0,870.0,828.0,836.0,836.0,136500
2020/11/17,897.0,898.0,845.0,857.0,857.0,210900
2020/11/16,922.0,928.0,905.0,912.0,912.0,136900
2020/11/13,953.0,955.0,921.0,922.0,922.0,118100
2020/11/12,979.0,982.0,942.0,968.0,968.0,79000
2020/11/11,975.0,985.0,962.0,979.0,979.0,60800
2020/11/10,999.0,1004.0,970.0,975.0,975.0,91500
2020/11/09,1014.0,1046.0,997.0,999.0,999.0,59700
2020/11/06,1008.0,1030.0,997.0,1009.0,1009.0,74900
2020/11/05,979.0,1015.0,961.0,981.0,981.0,217300
2020/11/04,950.0,985.0,937.0,979.0,979.0,50700
2020/11/02,934.0,951.0,923.0,935.0,935.0,116700
2020/10/30,997.0,997.0,935.0,947.0,947.0,85200
2020/10/29,973.0,991.0,951.0,982.0,982.0,71100
2020/10/28,1016.0,1016.0,978.0,986.0,986.0,47800
2020/10/27,985.0,1019.0,971.0,1002.0,1002.0,73300
2020/10/26,1022.0,1035.0,993.0,1001.0,1001.0,107200
2020/10/23,1070.0,1076.0,995.0,1027.0,1027.0,143900
2020/10/22,1135.0,1135.0,1076.0,1079.0,1079.0,113900
2020/10/21,1151.0,1173.0,1140.0,1145.0,1145.0,107100
2020/10/20,1115.0,1175.0,1115.0,1162.0,1162.0,155000
2020/10/19,1080.0,1133.0,1080.0,1133.0,1133.0,123000
2020/10/16,1100.0,1105.0,1080.0,1087.0,1087.0,131900
2020/10/15,1115.0,1133.0,1075.0,1109.0,1109.0,254800
2020/10/14,1168.0,1168.0,1122.0,1131.0,1131.0,61900
2020/10/13,1150.0,1161.0,1138.0,1153.0,1153.0,60400
2020/10/12,1156.0,1184.0,1148.0,1159.0,1159.0,109200
2020/10/09,1180.0,1209.0,1147.0,1156.0,1156.0,205300
2020/10/08,1175.0,1178.0,1151.0,1173.0,1173.0,113400
2020/10/07,1142.0,1177.0,1138.0,1161.0,1161.0,119700
2020/10/06,1120.0,1181.0,1118.0,1153.0,1153.0,323800
2020/10/05,1059.0,1123.0,1059.0,1106.0,1106.0,159200
2020/10/02,1150.0,1161.0,1071.0,1089.0,1089.0,392500
2020/09/30,1133.0,1149.0,1080.0,1100.0,1100.0,278700
2020/09/29,1120.0,1160.0,1117.0,1146.0,1146.0,174600
2020/09/28,1149.0,1194.0,1103.0,1119.0,1119.0,391400
2020/09/25,1071.0,1181.0,1070.0,1149.0,1149.0,500800
2020/09/24,1089.0,1128.0,1050.0,1085.0,1085.0,221900
2020/09/23,1082.0,1082.0,1042.0,1071.0,1071.0,128700
2020/09/18,1069.0,1095.0,1044.0,1086.0,1086.0,316600
2020/09/17,1076.0,1088.0,1010.0,1057.0,1057.0,253100
2020/09/16,1106.0,1133.0,1081.0,1104.0,1104.0,149600
2020/09/15,1080.0,1115.0,1053.0,1086.0,1086.0,193600
2020/09/14,1081.0,1111.0,1062.0,1080.0,1080.0,146100
2020/09/11,973.0,1081.0,958.0,1077.0,1077.0,397400
2020/09/10,965.0,981.0,949.0,958.0,958.0,135800
2020/09/09,1000.0,1000.0,938.0,959.0,959.0,269400
2020/09/08,1014.0,1031.0,985.0,1027.0,1027.0,110200
2020/09/07,1091.0,1110.0,977.0,999.0,999.0,390800
2020/09/04,1109.0,1143.0,1039.0,1091.0,1091.0,566100
2020/09/03,1073.0,1138.0,1048.0,1115.0,1115.0,483500
2020/09/02,1010.0,1082.0,1008.0,1069.0,1069.0,513400
2020/09/01,899.0,995.0,895.0,995.0,995.0,474200
2020/08/31,847.0,893.0,847.0,891.0,891.0,174400
2020/08/28,863.0,875.0,831.0,842.0,842.0,133400
2020/08/27,870.0,883.0,841.0,848.0,848.0,56700
2020/08/26,854.0,882.0,854.0,866.0,866.0,89700
2020/08/25,877.0,877.0,838.0,844.0,844.0,60500
2020/08/24,858.0,866.0,847.0,863.0,863.0,36500
2020/08/21,845.0,875.0,845.0,865.0,865.0,85600
2020/08/20,870.0,897.0,830.0,830.0,830.0,143200
2020/08/19,877.0,883.0,859.0,873.0,873.0,102700
2020/08/18,843.0,881.0,841.0,867.0,867.0,116100
2020/08/17,835.0,840.0,806.0,828.0,828.0,109500
2020/08/14,858.0,878.0,858.0,861.0,861.0,90600
2020/08/13,868.0,883.0,856.0,860.0,860.0,140700
2020/08/12,855.0,862.0,833.0,854.0,854.0,74500
2020/08/11,840.0,855.0,835.0,849.0,849.0,80200
2020/08/07,835.0,862.0,826.0,840.0,840.0,115500
2020/08/06,830.0,845.0,824.0,827.0,827.0,84200
2020/08/05,816.0,841.0,815.0,831.0,831.0,61500
2020/08/04,800.0,840.0,796.0,828.0,828.0,119600
2020/08/03,758.0,797.0,758.0,796.0,796.0,90300
2020/07/31,775.0,780.0,754.0,756.0,756.0,55000
2020/07/30,759.0,785.0,759.0,764.0,764.0,55400
2020/07/29,787.0,797.0,760.0,761.0,761.0,65700
2020/07/28,809.0,816.0,781.0,794.0,794.0,39800
2020/07/27,800.0,813.0,784.0,809.0,809.0,28200
2020/07/22,820.0,828.0,802.0,810.0,810.0,42200
2020/07/21,788.0,829.0,788.0,818.0,818.0,100200
2020/07/20,783.0,794.0,764.0,789.0,789.0,79800
2020/07/17,841.0,846.0,790.0,791.0,791.0,218500
2020/07/16,813.0,897.0,780.0,856.0,856.0,901100
2020/07/15,773.0,870.0,773.0,824.0,824.0,962100
2020/07/14,759.0,764.0,741.0,743.0,743.0,43400
2020/07/13,750.0,773.0,750.0,769.0,769.0,61300
2020/07/10,768.0,776.0,741.0,748.0,748.0,50600
2020/07/09,800.0,800.0,767.0,768.0,768.0,62800
2020/07/08,780.0,803.0,779.0,793.0,793.0,79700
2020/07/07,770.0,793.0,765.0,779.0,779.0,92500
2020/07/06,772.0,781.0,764.0,775.0,775.0,78200
2020/07/03,719.0,771.0,715.0,771.0,771.0,132300
2020/07/02,746.0,751.0,713.0,720.0,720.0,194500
2020/07/01,775.0,775.0,743.0,746.0,746.0,181100
2020/06/30,763.0,789.0,744.0,760.0,760.0,103500
2020/06/29,780.0,780.0,740.0,748.0,748.0,134800
2020/06/26,827.0,827.0,777.0,781.0,781.0,136400
2020/06/25,791.0,814.0,786.0,811.0,811.0,126400
2020/06/24,805.0,883.0,803.0,813.0,813.0,515900
2020/06/23,845.0,852.0,810.0,812.0,812.0,162200
2020/06/22,850.0,859.0,833.0,847.0,847.0,109700
2020/06/19,839.0,853.0,834.0,847.0,847.0,102900
2020/06/18,837.0,855.0,814.0,839.0,839.0,210300
2020/06/17,820.0,847.0,812.0,834.0,834.0,191300
2020/06/16,813.0,822.0,794.0,810.0,810.0,135300
2020/06/15,823.0,850.0,775.0,785.0,785.0,184100
2020/06/12,767.0,828.0,750.0,820.0,820.0,229000
2020/06/11,885.0,888.0,837.0,842.0,842.0,261500
2020/06/10,920.0,920.0,881.0,887.0,887.0,234700
2020/06/09,895.0,921.0,867.0,900.0,900.0,388800
2020/06/08,889.0,917.0,860.0,895.0,895.0,278600
2020/06/05,871.0,883.0,845.0,875.0,875.0,296500
2020/06/04,906.0,936.0,847.0,869.0,869.0,665000
2020/06/03,894.0,995.0,860.0,881.0,881.0,1513800
2020/06/02,778.0,858.0,764.0,853.0,853.0,774600
2020/06/01,765.0,789.0,756.0,775.0,775.0,308000
2020/05/29,725.0,868.0,725.0,780.0,780.0,2008600
2020/05/28,745.0,754.0,722.0,738.0,738.0,136500
2020/05/27,748.0,755.0,720.0,743.0,743.0,154200
2020/05/26,747.0,789.0,727.0,736.0,736.0,340100
2020/05/25,735.0,757.0,731.0,747.0,747.0,99500
2020/05/22,749.0,749.0,715.0,730.0,730.0,121200
2020/05/21,740.0,761.0,727.0,751.0,751.0,157700
2020/05/20,745.0,766.0,727.0,743.0,743.0,229300
2020/05/19,716.0,742.0,705.0,715.0,715.0,137300
2020/05/18,695.0,729.0,640.0,713.0,713.0,733300
2020/05/15,731.0,752.0,714.0,740.0,740.0,216900
2020/05/14,743.0,770.0,715.0,726.0,726.0,226400
2020/05/13,715.0,762.0,715.0,755.0,755.0,238200
2020/05/12,820.0,820.0,742.0,749.0,749.0,690400
2020/05/11,682.0,755.0,681.0,735.0,735.0,785000
2020/05/08,641.0,743.0,625.0,684.0,684.0,974900
2020/05/07,581.0,655.0,581.0,643.0,643.0,186800
2020/05/01,586.0,597.0,571.0,587.0,587.0,60500
2020/04/30,591.0,619.0,581.0,600.0,600.0,173600
2020/04/28,559.0,583.0,556.0,581.0,581.0,129500
2020/04/27,544.0,563.0,540.0,560.0,560.0,86900
2020/04/24,548.0,553.0,530.0,543.0,543.0,51900
2020/04/23,525.0,548.0,519.0,548.0,548.0,232100
2020/04/22,528.0,532.0,511.0,515.0,515.0,127600
2020/04/21,568.0,582.0,529.0,536.0,536.0,288900
2020/04/20,524.0,590.0,524.0,566.0,566.0,217900
2020/04/17,541.0,550.0,522.0,522.0,522.0,170900
2020/04/16,520.0,559.0,516.0,539.0,539.0,187400
2020/04/15,516.0,544.0,509.0,527.0,527.0,129000
2020/04/14,493.0,527.0,493.0,518.0,518.0,173000
2020/04/13,501.0,510.0,491.0,500.0,500.0,139600
2020/04/10,506.0,506.0,494.0,501.0,501.0,75100
2020/04/09,506.0,520.0,498.0,509.0,509.0,113100
2020/04/08,462.0,508.0,447.0,504.0,504.0,176600
2020/04/07,463.0,479.0,452.0,462.0,462.0,99200
2020/04/06,420.0,446.0,411.0,439.0,439.0,101500
2020/04/03,460.0,461.0,420.0,423.0,423.0,92300
2020/04/02,449.0,468.0,443.0,447.0,447.0,110600
2020/04/01,464.0,490.0,453.0,457.0,457.0,195400
2020/03/31,456.0,520.0,456.0,476.0,476.0,371000
2020/03/30,422.0,456.0,420.0,440.0,440.0,196300
2020/03/27,446.0,455.0,431.0,438.0,438.0,122700
2020/03/26,435.0,450.0,430.0,436.0,436.0,96700
2020/03/25,466.0,466.0,440.0,449.0,449.0,186400
2020/03/24,424.0,444.0,415.0,434.0,434.0,166400
2020/03/23,383.0,413.0,375.0,400.0,400.0,151600
2020/03/19,422.0,428.0,385.0,391.0,391.0,188600
2020/03/18,416.0,454.0,400.0,417.0,417.0,223200
2020/03/17,392.0,437.0,386.0,408.0,408.0,251100
2020/03/16,432.0,454.0,402.0,402.0,402.0,134600
2020/03/13,427.0,442.0,398.0,431.0,431.0,414800
2020/03/12,499.0,522.0,470.0,475.0,475.0,248700
2020/03/11,544.0,571.0,510.0,518.0,518.0,247600
2020/03/10,525.0,558.0,500.0,542.0,542.0,223700
2020/03/09,577.0,585.0,530.0,543.0,543.0,210700
2020/03/06,640.0,644.0,600.0,607.0,607.0,218300
2020/03/05,649.0,666.0,640.0,658.0,658.0,125800
2020/03/04,623.0,667.0,623.0,648.0,648.0,161600
2020/03/03,661.0,676.0,637.0,640.0,640.0,292500
2020/03/02,612.0,665.0,611.0,655.0,655.0,253100
2020/02/28,625.0,642.0,589.0,600.0,600.0,383000
2020/02/27,682.0,688.0,654.0,655.0,655.0,228100
2020/02/26,711.0,713.0,673.0,690.0,690.0,310300
2020/02/25,691.0,720.0,690.0,711.0,711.0,382200
2020/02/21,770.0,777.0,746.0,751.0,751.0,251000
2020/02/20,807.0,813.0,765.0,768.0,768.0,257800
2020/02/19,791.0,810.0,772.0,807.0,807.0,288100
2020/02/18,799.0,869.0,765.0,777.0,777.0,703600
2020/02/17,786.0,814.0,786.0,786.0,786.0,617500
2020/02/14,953.0,964.0,926.0,936.0,936.0,145500
2020/02/13,952.0,968.0,940.0,968.0,968.0,80800
2020/02/12,970.0,970.0,938.0,958.0,958.0,140600
2020/02/10,925.0,1005.0,905.0,970.0,970.0,366600
2020/02/07,935.0,941.0,911.0,925.0,925.0,82100
2020/02/06,938.0,941.0,914.0,936.0,936.0,93300
2020/02/05,943.0,949.0,923.0,932.0,932.0,107700
2020/02/04,920.0,946.0,910.0,937.0,937.0,118400
2020/02/03,901.0,935.0,896.0,915.0,915.0,221600
2020/01/31,911.0,936.0,908.0,933.0,933.0,119400
2020/01/30,951.0,955.0,900.0,916.0,916.0,239900
2020/01/29,983.0,994.0,955.0,958.0,958.0,134900
2020/01/28,959.0,981.0,943.0,970.0,970.0,164300
2020/01/27,963.0,982.0,958.0,973.0,973.0,197400
2020/01/24,1036.0,1036.0,992.0,1002.0,1002.0,241900
2020/01/23,1060.0,1064.0,1033.0,1037.0,1037.0,98700
2020/01/22,1070.0,1085.0,1056.0,1068.0,1068.0,175100
2020/01/21,1070.0,1085.0,1027.0,1060.0,1060.0,359500
2020/01/20,1122.0,1134.0,1061.0,1080.0,1080.0,380800
2020/01/17,1118.0,1138.0,1097.0,1109.0,1109.0,497500
2020/01/16,1128.0,1154.0,1079.0,1089.0,1089.0,561600
2020/01/15,1073.0,1145.0,1053.0,1140.0,1140.0,1121100
2020/01/14,1151.0,1190.0,1037.0,1046.0,1046.0,3245500
2020/01/10,889.0,1040.0,884.0,1040.0,1040.0,207400
2020/01/09,873.0,906.0,873.0,890.0,890.0,126000
2020/01/08,882.0,892.0,843.0,868.0,868.0,219200
2020/01/07,868.0,891.0,868.0,882.0,882.0,110000
2020/01/06,854.0,872.0,843.0,866.0,866.0,134900
2019/12/30,889.0,890.0,856.0,868.0,868.0,239300
2019/12/27,888.0,911.0,888.0,897.0,897.0,118100
2019/12/26,866.0,896.0,866.0,888.0,888.0,215600
2019/12/25,880.0,888.0,866.0,866.0,866.0,145300
2019/12/24,872.0,881.0,867.0,880.0,880.0,165500
2019/12/23,892.0,894.0,868.0,872.0,872.0,169500
2019/12/20,910.0,910.0,889.0,895.0,895.0,150200
2019/12/19,907.0,914.0,902.0,903.0,903.0,67900
2019/12/18,915.0,923.0,900.0,905.0,905.0,113300
2019/12/17,906.0,917.0,878.0,916.0,916.0,250200
2019/12/16,923.0,949.0,900.0,906.0,906.0,159100
2019/12/13,949.0,949.0,915.0,921.0,921.0,201200
2019/12/12,960.0,961.0,928.0,934.0,934.0,119400
2019/12/11,965.0,970.0,942.0,942.0,942.0,84100
2019/12/10,965.0,968.0,948.0,962.0,962.0,75800
2019/12/09,985.0,986.0,966.0,968.0,968.0,86100
2019/12/06,963.0,980.0,963.0,980.0,980.0,60900
2019/12/05,995.0,997.0,962.0,964.0,964.0,129500
2019/12/04,990.0,998.0,983.0,990.0,990.0,35900
2019/12/03,1000.0,1000.0,978.0,994.0,994.0,79700
2019/12/02,1010.0,1021.0,999.0,1010.0,1010.0,65200
2019/11/29,1016.0,1035.0,997.0,998.0,998.0,105400
2019/11/28,1020.0,1023.0,995.0,1002.0,1002.0,107800
2019/11/27,990.0,1021.0,983.0,1020.0,1020.0,147000
2019/11/26,965.0,992.0,963.0,992.0,992.0,137300
2019/11/25,942.0,961.0,942.0,959.0,959.0,45800
2019/11/22,940.0,966.0,940.0,941.0,941.0,96100
2019/11/21,954.0,957.0,931.0,948.0,948.0,81500
2019/11/20,968.0,982.0,939.0,955.0,955.0,103300
2019/11/19,959.0,967.0,946.0,967.0,967.0,35700
2019/11/18,931.0,964.0,929.0,959.0,959.0,120600
2019/11/15,945.0,959.0,933.0,934.0,934.0,109100
2019/11/14,960.0,974.0,939.0,941.0,941.0,125900
2019/11/13,961.0,971.0,940.0,946.0,946.0,113300
2019/11/12,946.0,964.0,938.0,953.0,953.0,63100
2019/11/11,946.0,966.0,935.0,942.0,942.0,93700
2019/11/08,950.0,968.0,931.0,935.0,935.0,93100
2019/11/07,959.0,975.0,949.0,954.0,954.0,93000
2019/11/06,953.0,964.0,952.0,954.0,954.0,58900
2019/11/05,948.0,966.0,944.0,945.0,945.0,80500
2019/11/01,950.0,953.0,934.0,948.0,948.0,78300
2019/10/31,984.0,984.0,954.0,955.0,955.0,56400
2019/10/30,988.0,988.0,950.0,966.0,966.0,101000
2019/10/29,997.0,1003.0,980.0,992.0,992.0,62400
2019/10/28,975.0,1014.0,970.0,989.0,989.0,139500
2019/10/25,970.0,971.0,950.0,960.0,960.0,47100
2019/10/24,958.0,968.0,950.0,962.0,962.0,50000
2019/10/23,955.0,963.0,948.0,956.0,956.0,34100
2019/10/21,969.0,971.0,949.0,955.0,955.0,69300
2019/10/18,950.0,982.0,950.0,963.0,963.0,93500
2019/10/17,932.0,960.0,928.0,953.0,953.0,67400
2019/10/16,960.0,986.0,935.0,935.0,935.0,137600
2019/10/15,910.0,963.0,910.0,961.0,961.0,243400
2019/10/11,996.0,997.0,985.0,985.0,985.0,83700
2019/10/10,1010.0,1015.0,994.0,996.0,996.0,72600
2019/10/09,1021.0,1021.0,997.0,1001.0,1001.0,118700
2019/10/08,1010.0,1050.0,1010.0,1033.0,1033.0,120600
2019/10/07,1008.0,1025.0,995.0,1012.0,1012.0,38200
2019/10/04,1003.0,1010.0,989.0,1007.0,1007.0,45300
2019/10/03,1010.0,1014.0,994.0,1003.0,1003.0,87400
2019/10/02,1028.0,1036.0,1015.0,1018.0,1018.0,41500
2019/10/01,1006.0,1043.0,1006.0,1030.0,1030.0,81200
2019/09/30,1032.0,1032.0,1007.0,1013.0,1013.0,44800
2019/09/27,1036.0,1052.0,1018.0,1033.0,1033.0,66400
2019/09/26,1026.0,1053.0,1020.0,1045.0,1045.0,134100
2019/09/25,1043.0,1043.0,1003.0,1014.0,1014.0,89500
2019/09/24,1021.0,1063.0,1020.0,1043.0,1043.0,115300
2019/09/20,1001.0,1034.0,1001.0,1021.0,1021.0,100100
2019/09/19,1016.0,1052.0,998.0,1010.0,1010.0,118300
2019/09/18,1020.0,1027.0,997.0,1004.0,1004.0,92900
2019/09/17,999.0,1029.0,999.0,1014.0,1014.0,117300
2019/09/13,1020.0,1022.0,985.0,988.0,988.0,110700
2019/09/12,1040.0,1041.0,1002.0,1002.0,1002.0,63200
2019/09/11,1034.0,1052.0,1028.0,1032.0,1032.0,87300
2019/09/10,1030.0,1051.0,1020.0,1028.0,1028.0,48800
2019/09/09,1026.0,1055.0,1019.0,1030.0,1030.0,109100
2019/09/06,1002.0,1043.0,1001.0,1035.0,1035.0,90000
2019/09/05,1003.0,1026.0,1003.0,1008.0,1008.0,64700
2019/09/04,1000.0,1015.0,989.0,1003.0,1003.0,43600
2019/09/03,1003.0,1019.0,988.0,1010.0,1010.0,34500
2019/09/02,990.0,1019.0,990.0,1003.0,1003.0,76100
2019/08/30,976.0,1006.0,966.0,984.0,984.0,158700
2019/08/29,953.0,1009.0,919.0,958.0,958.0,280700
2019/08/28,960.0,974.0,940.0,949.0,949.0,99700
2019/08/27,986.0,989.0,953.0,958.0,958.0,106100
2019/08/26,993.0,1000.0,975.0,977.0,977.0,113600
2019/08/23,1009.0,1023.0,1003.0,1003.0,1003.0,60600
2019/08/22,1034.0,1040.0,1007.0,1012.0,1012.0,73600
2019/08/21,1020.0,1037.0,1011.0,1029.0,1029.0,76000
2019/08/20,1009.0,1032.0,1005.0,1025.0,1025.0,95000
2019/08/19,997.0,1015.0,993.0,1000.0,1000.0,79700
2019/08/16,998.0,1022.0,984.0,990.0,990.0,116300
2019/08/15,998.0,1007.0,971.0,998.0,998.0,262000
2019/08/14,1023.0,1039.0,1020.0,1032.0,1032.0,69300
2019/08/13,1035.0,1058.0,994.0,1021.0,1021.0,162100
2019/08/09,1060.0,1070.0,1041.0,1048.0,1048.0,60900
2019/08/08,1040.0,1072.0,1034.0,1062.0,1062.0,77100
2019/08/07,1045.0,1061.0,1026.0,1040.0,1040.0,65500
2019/08/06,1000.0,1048.0,982.0,1044.0,1044.0,176100
2019/08/05,1082.0,1082.0,1011.0,1043.0,1043.0,204600
2019/08/02,1080.0,1093.0,1067.0,1080.0,1080.0,164900
2019/08/01,1101.0,1120.0,1091.0,1103.0,1103.0,114300
2019/07/31,1124.0,1126.0,1095.0,1107.0,1107.0,142900
2019/07/30,1134.0,1142.0,1118.0,1124.0,1124.0,80600
2019/07/29,1146.0,1153.0,1117.0,1122.0,1122.0,98100
2019/07/26,1168.0,1174.0,1145.0,1152.0,1152.0,62200
2019/07/25,1165.0,1182.0,1144.0,1171.0,1171.0,214700
2019/07/24,1140.0,1171.0,1136.0,1151.0,1151.0,145600
2019/07/23,1115.0,1151.0,1113.0,1138.0,1138.0,144900
2019/07/22,1136.0,1166.0,1118.0,1119.0,1119.0,180200
2019/07/19,1130.0,1153.0,1123.0,1140.0,1140.0,177000
2019/07/18,1133.0,1141.0,1100.0,1110.0,1110.0,391800
2019/07/17,1251.0,1261.0,1139.0,1159.0,1159.0,988700
2019/07/16,1253.0,1352.0,1229.0,1301.0,1301.0,1488100
2019/07/12,1194.0,1212.0,1148.0,1163.0,1163.0,205800
2019/07/11,1218.0,1218.0,1167.0,1194.0,1194.0,230300
2019/07/10,1239.0,1246.0,1208.0,1218.0,1218.0,158500
2019/07/09,1255.0,1302.0,1231.0,1247.0,1247.0,260300
2019/07/08,1270.0,1272.0,1230.0,1240.0,1240.0,99300
2019/07/05,1275.0,1280.0,1254.0,1266.0,1266.0,92300
2019/07/04,1229.0,1276.0,1225.0,1260.0,1260.0,132900
2019/07/03,1233.0,1244.0,1204.0,1229.0,1229.0,105600
2019/07/02,1216.0,1244.0,1201.0,1226.0,1226.0,97800
2019/07/01,1251.0,1267.0,1202.0,1219.0,1219.0,276100
2019/06/28,1285.0,1299.0,1200.0,1226.0,1226.0,338000
2019/06/27,1312.0,1355.0,1253.0,1296.0,1296.0,456700
2019/06/26,1196.0,1360.0,1175.0,1306.0,1306.0,730500
2019/06/25,1253.0,1268.0,1172.0,1199.0,1199.0,468900
2019/06/24,1167.0,1285.0,1149.0,1281.0,1281.0,439800
2019/06/21,1175.0,1175.0,1129.0,1149.0,1149.0,80900
2019/06/20,1128.0,1171.0,1128.0,1152.0,1152.0,125000
2019/06/19,1106.0,1135.0,1099.0,1123.0,1123.0,115400
2019/06/18,1137.0,1161.0,1079.0,1085.0,1085.0,206700
2019/06/17,1091.0,1139.0,1085.0,1120.0,1120.0,160800
2019/06/14,1099.0,1111.0,1090.0,1090.0,1090.0,56800
2019/06/13,1110.0,1112.0,1074.0,1086.0,1086.0,99100
2019/06/12,1140.0,1140.0,1109.0,1113.0,1113.0,81900
2019/06/11,1122.0,1191.0,1117.0,1143.0,1143.0,188800
2019/06/10,1145.0,1155.0,1125.0,1125.0,1125.0,79200
2019/06/07,1109.0,1140.0,1080.0,1120.0,1120.0,144400
2019/06/06,1115.0,1140.0,1106.0,1109.0,1109.0,66100
2019/06/05,1100.0,1134.0,1094.0,1118.0,1118.0,90200
2019/06/04,1082.0,1098.0,1060.0,1086.0,1086.0,61700
2019/06/03,1080.0,1103.0,1064.0,1084.0,1084.0,92100
2019/05/31,1132.0,1139.0,1108.0,1108.0,1108.0,69000
2019/05/30,1128.0,1148.0,1117.0,1131.0,1131.0,92100
2019/05/29,1145.0,1159.0,1122.0,1138.0,1138.0,86800
2019/05/28,1136.0,1178.0,1125.0,1171.0,1171.0,101000
2019/05/27,1131.0,1168.0,1121.0,1138.0,1138.0,100900
2019/05/24,1154.0,1154.0,1112.0,1128.0,1128.0,130700
2019/05/23,1182.0,1194.0,1153.0,1163.0,1163.0,98700
2019/05/22,1156.0,1201.0,1148.0,1180.0,1180.0,175500
2019/05/21,1153.0,1156.0,1117.0,1149.0,1149.0,99700
2019/05/20,1128.0,1175.0,1125.0,1161.0,1161.0,137200
2019/05/17,1112.0,1135.0,1107.0,1123.0,1123.0,63500
2019/05/16,1134.0,1143.0,1102.0,1107.0,1107.0,103300
2019/05/15,1109.0,1136.0,1078.0,1130.0,1130.0,102900
2019/05/14,1067.0,1110.0,1046.0,1092.0,1092.0,126600
2019/05/13,1108.0,1137.0,1087.0,1111.0,1111.0,118300
2019/05/10,1067.0,1133.0,1066.0,1117.0,1117.0,230700
2019/05/09,1177.0,1181.0,1064.0,1065.0,1065.0,428700
2019/05/08,1186.0,1212.0,1168.0,1177.0,1177.0,185200
2019/05/07,1172.0,1201.0,1168.0,1200.0,1200.0,132000
2019/04/26,1157.0,1197.0,1147.0,1189.0,1189.0,126000
2019/04/25,1183.0,1191.0,1144.0,1177.0,1177.0,277600
2019/04/24,1198.0,1218.0,1185.0,1191.0,1191.0,185400
2019/04/23,1215.0,1224.0,1179.0,1190.0,1190.0,171400
2019/04/22,1204.0,1233.0,1188.0,1200.0,1200.0,156900
2019/04/19,1227.0,1246.0,1182.0,1204.0,1204.0,299300
2019/04/18,1289.0,1306.0,1193.0,1200.0,1200.0,449200
2019/04/17,1333.0,1342.0,1273.0,1289.0,1289.0,566900
2019/04/16,1470.0,1486.0,1333.0,1333.0,1333.0,809000
2019/04/15,1461.0,1524.0,1435.0,1510.0,1510.0,241200
2019/04/12,1465.0,1475.0,1389.0,1459.0,1459.0,218200
2019/04/11,1500.0,1500.0,1430.0,1445.0,1445.0,138300
2019/04/10,1485.0,1512.0,1460.0,1489.0,1489.0,143400
2019/04/09,1494.0,1530.0,1482.0,1504.0,1504.0,175200
2019/04/08,1520.0,1533.0,1482.0,1489.0,1489.0,88100
2019/04/05,1501.0,1531.0,1485.0,1501.0,1501.0,86600
2019/04/04,1550.0,1575.0,1507.0,1512.0,1512.0,133500
2019/04/03,1495.0,1560.0,1483.0,1541.0,1541.0,175500
2019/04/02,1488.0,1545.0,1436.0,1500.0,1500.0,187300
2019/04/01,1494.0,1508.0,1464.0,1479.0,1479.0,71200
2019/03/29,1494.0,1513.0,1461.0,1484.0,1484.0,70900
2019/03/28,1466.0,1486.0,1434.0,1475.0,1475.0,81500
2019/03/27,1431.0,1481.0,1431.0,1475.0,1475.0,82900
2019/03/26,1409.0,1449.0,1404.0,1426.0,1426.0,95700
2019/03/25,1400.0,1423.0,1379.0,1402.0,1402.0,101800
2019/03/22,1453.0,1469.0,1444.0,1456.0,1456.0,42700
2019/03/20,1442.0,1486.0,1438.0,1459.0,1459.0,114800
2019/03/19,1442.0,1448.0,1420.0,1448.0,1448.0,49400
2019/03/18,1440.0,1473.0,1440.0,1450.0,1450.0,63800
2019/03/15,1440.0,1447.0,1405.0,1440.0,1440.0,82200
2019/03/14,1463.0,1474.0,1437.0,1440.0,1440.0,52400
2019/03/13,1432.0,1470.0,1409.0,1457.0,1457.0,91800
2019/03/12,1398.0,1463.0,1382.0,1430.0,1430.0,233200
2019/03/11,1374.0,1447.0,1321.0,1373.0,1373.0,179300
2019/03/08,1411.0,1411.0,1350.0,1374.0,1374.0,210000
2019/03/07,1472.0,1475.0,1416.0,1438.0,1438.0,189400
2019/03/06,1508.0,1508.0,1472.0,1485.0,1485.0,140100
2019/03/05,1505.0,1526.0,1492.0,1505.0,1505.0,79900
2019/03/04,1506.0,1542.0,1504.0,1513.0,1513.0,91800
2019/03/01,1486.0,1537.0,1480.0,1501.0,1501.0,90500
2019/02/28,1513.0,1517.0,1473.0,1489.0,1489.0,101900
2019/02/27,1491.0,1534.0,1491.0,1526.0,1526.0,84500
2019/02/26,1528.0,1537.0,1470.0,1500.0,1500.0,103600
2019/02/25,1503.0,1526.0,1478.0,1510.0,1510.0,124700
2019/02/22,1550.0,1561.0,1465.0,1489.0,1489.0,264800
2019/02/21,1541.0,1580.0,1500.0,1538.0,1538.0,226700
2019/02/20,1660.0,1690.0,1569.0,1581.0,1581.0,361300
2019/02/19,1653.0,1745.0,1613.0,1672.0,1672.0,375000
2019/02/18,1559.0,1679.0,1515.0,1662.0,1662.0,670700
2019/02/15,1480.0,1490.0,1448.0,1470.0,1470.0,131200
2019/02/14,1516.0,1527.0,1484.0,1497.0,1497.0,75900
2019/02/13,1488.0,1524.0,1483.0,1511.0,1511.0,133500
2019/02/12,1440.0,1492.0,1440.0,1484.0,1484.0,79900
2019/02/08,1463.0,1475.0,1410.0,1430.0,1430.0,123000
2019/02/07,1495.0,1516.0,1471.0,1484.0,1484.0,85100
2019/02/06,1506.0,1514.0,1467.0,1508.0,1508.0,110400
2019/02/05,1503.0,1523.0,1479.0,1508.0,1508.0,105500
2019/02/04,1480.0,1530.0,1473.0,1504.0,1504.0,125800
2019/02/01,1493.0,1496.0,1451.0,1471.0,1471.0,71600
2019/01/31,1465.0,1494.0,1455.0,1485.0,1485.0,92300
2019/01/30,1499.0,1507.0,1449.0,1449.0,1449.0,128900
2019/01/29,1477.0,1508.0,1452.0,1508.0,1508.0,111300
2019/01/28,1507.0,1537.0,1470.0,1477.0,1477.0,112500
2019/01/25,1450.0,1531.0,1441.0,1495.0,1495.0,224700
2019/01/24,1516.0,1517.0,1460.0,1493.0,1493.0,194900
2019/01/23,1450.0,1538.0,1441.0,1516.0,1516.0,210400
2019/01/22,1472.0,1505.0,1455.0,1455.0,1455.0,200600
2019/01/21,1504.0,1517.0,1454.0,1471.0,1471.0,329800
2019/01/18,1530.0,1588.0,1471.0,1479.0,1479.0,540000
2019/01/17,1636.0,1649.0,1503.0,1530.0,1530.0,733400
2019/01/16,1705.0,1773.0,1633.0,1636.0,1636.0,683900
2019/01/15,1820.0,1921.0,1810.0,1865.0,1865.0,421600
2019/01/11,1635.0,1794.0,1630.0,1780.0,1780.0,393600
2019/01/10,1552.0,1642.0,1537.0,1625.0,1625.0,190200
2019/01/09,1574.0,1625.0,1535.0,1584.0,1584.0,170300
2019/01/08,1526.0,1618.0,1526.0,1566.0,1566.0,188500
2019/01/07,1505.0,1561.0,1488.0,1534.0,1534.0,175900
2019/01/04,1361.0,1458.0,1336.0,1455.0,1455.0,234600
2018/12/28,1435.0,1471.0,1385.0,1429.0,1429.0,236800
2018/12/27,1507.0,1570.0,1426.0,1453.0,1453.0,482000
2018/12/26,1361.0,1408.0,1329.0,1370.0,1370.0,318800
2018/12/25,1354.0,1409.0,1293.0,1312.0,1312.0,520100
2018/12/21,1487.0,1501.0,1418.0,1472.0,1472.0,397100
2018/12/20,1593.0,1622.0,1496.0,1524.0,1524.0,437500
2018/12/19,1653.0,1703.0,1619.0,1627.0,1627.0,212500
2018/12/18,1700.0,1740.0,1653.0,1673.0,1673.0,297800
2018/12/17,1823.0,1832.0,1738.0,1750.0,1750.0,275800
2018/12/14,1908.0,1942.0,1845.0,1855.0,1855.0,170000
2018/12/13,1865.0,1894.0,1826.0,1868.0,1868.0,97600
2018/12/12,1836.0,1872.0,1810.0,1861.0,1861.0,124900
2018/12/11,1922.0,1944.0,1799.0,1830.0,1830.0,289000
2018/12/10,1960.0,1975.0,1893.0,1914.0,1914.0,215100
2018/12/07,2003.0,2031.0,1974.0,1982.0,1982.0,94200
2018/12/06,2043.0,2048.0,1969.0,1996.0,1996.0,199100
2018/12/05,2050.0,2095.0,2032.0,2058.0,2058.0,93800
2018/12/04,2142.0,2157.0,2065.0,2066.0,2066.0,134100
2018/12/03,2148.0,2191.0,2132.0,2139.0,2139.0,116100
2018/11/30,2206.0,2250.0,2146.0,2148.0,2148.0,172200
2018/11/29,2216.0,2306.0,2175.0,2230.0,2230.0,427200
2018/11/28,2190.0,2242.0,2155.0,2175.0,2175.0,214600
2018/11/27,2021.0,2210.0,2021.0,2145.0,2145.0,465800
2018/11/26,1964.0,2036.0,1963.0,2021.0,2021.0,205800
2018/11/22,1960.0,2009.0,1941.0,1998.0,1998.0,193100
2018/11/21,1962.0,2012.0,1949.0,1960.0,1960.0,275900
2018/11/20,2078.0,2100.0,2008.0,2012.0,2012.0,143800
2018/11/19,2100.0,2134.0,2088.0,2116.0,2116.0,76400
2018/11/16,2121.0,2145.0,2066.0,2107.0,2107.0,114400
2018/11/15,2034.0,2140.0,2022.0,2139.0,2139.0,121200
2018/11/14,2158.0,2183.0,2073.0,2081.0,2081.0,136200
2018/11/13,2181.0,2233.0,2141.0,2164.0,2164.0,146500
2018/11/12,2180.0,2283.0,2175.0,2259.0,2259.0,208800
2018/11/09,2202.0,2240.0,2174.0,2193.0,2193.0,107700
2018/11/08,2213.0,2222.0,2171.0,2180.0,2180.0,103500
2018/11/07,2191.0,2224.0,2154.0,2163.0,2163.0,144300
2018/11/06,2200.0,2248.0,2153.0,2185.0,2185.0,176400
2018/11/05,2270.0,2333.0,2166.0,2183.0,2183.0,855900
2018/11/02,2113.0,2173.0,2082.0,2126.0,2126.0,174500
2018/11/01,2081.0,2116.0,2050.0,2064.0,2064.0,100700
2018/10/31,2044.0,2115.0,2005.0,2114.0,2114.0,210600
2018/10/30,1988.0,2144.0,1976.0,2027.0,2027.0,215100
2018/10/29,1970.0,2053.0,1909.0,2038.0,2038.0,228000
2018/10/26,2031.0,2046.0,1862.0,1956.0,1956.0,430500
2018/10/25,2006.0,2057.0,1980.0,2017.0,2017.0,353300
2018/10/24,2131.0,2166.0,2060.0,2088.0,2088.0,138100
2018/10/23,2209.0,2211.0,2110.0,2115.0,2115.0,131200
2018/10/22,2173.0,2215.0,2103.0,2201.0,2201.0,159600
2018/10/19,2106.0,2209.0,2072.0,2184.0,2184.0,135900
2018/10/18,2231.0,2235.0,2131.0,2156.0,2156.0,173300
2018/10/17,2252.0,2260.0,2190.0,2225.0,2225.0,257400
2018/10/16,2004.0,2273.0,2004.0,2218.0,2218.0,528600
2018/10/15,2072.0,2240.0,2001.0,2104.0,2104.0,423500
2018/10/12,1980.0,2085.0,1980.0,2081.0,2081.0,278100
2018/10/11,1996.0,2058.0,1976.0,1999.0,1999.0,489900
2018/10/10,2262.0,2274.0,2113.0,2130.0,2130.0,386800
2018/10/09,2414.0,2414.0,2242.0,2260.0,2260.0,245200
2018/10/05,2250.0,2585.0,2186.0,2366.0,2366.0,625200
2018/10/04,2290.0,2312.0,2254.0,2262.0,2262.0,114100
2018/10/03,2293.0,2341.0,2288.0,2290.0,2290.0,148500
2018/10/02,2400.0,2410.0,2292.0,2300.0,2300.0,229000
2018/10/01,2343.0,2412.0,2315.0,2383.0,2383.0,202100
2018/09/28,2401.0,2405.0,2328.0,2337.0,2337.0,255700
2018/09/27,2464.0,2470.0,2403.0,2403.0,2403.0,132900
2018/09/26,2418.0,2480.0,2410.0,2477.0,2477.0,86300
2018/09/25,2412.0,2420.0,2396.0,2410.0,2410.0,84100
2018/09/21,2407.0,2454.0,2395.0,2412.0,2412.0,125800
2018/09/20,2401.0,2435.0,2386.0,2388.0,2388.0,209800
2018/09/19,2498.0,2498.0,2453.0,2469.0,2469.0,82200
2018/09/18,2447.0,2509.0,2412.0,2454.0,2454.0,195300
2018/09/14,2495.0,2526.0,2465.0,2484.0,2484.0,164800
2018/09/13,2582.0,2588.0,2496.0,2500.0,2500.0,107600
2018/09/12,2574.0,2595.0,2541.0,2565.0,2565.0,96100
2018/09/11,2549.0,2596.0,2514.0,2530.0,2530.0,172800
2018/09/10,2497.0,2543.0,2475.0,2500.0,2500.0,65300
2018/09/07,2435.0,2512.0,2406.0,2500.0,2500.0,121700
2018/09/06,2600.0,2624.0,2452.0,2470.0,2470.0,253900
2018/09/05,2693.0,2721.0,2600.0,2600.0,2600.0,190800
2018/09/04,2680.0,2710.0,2653.0,2695.0,2695.0,130000
2018/09/03,2650.0,2731.0,2597.0,2672.0,2672.0,359900
2018/08/31,2539.0,2594.0,2520.0,2594.0,2594.0,116100
2018/08/30,2600.0,2639.0,2549.0,2567.0,2567.0,155800
2018/08/29,2475.0,2590.0,2471.0,2588.0,2588.0,178700
2018/08/28,2574.0,2578.0,2460.0,2475.0,2475.0,254300
2018/08/27,2471.0,2546.0,2471.0,2532.0,2532.0,138900
2018/08/24,2476.0,2540.0,2461.0,2465.0,2465.0,192600
2018/08/23,2410.0,2528.0,2410.0,2486.0,2486.0,247600
2018/08/22,2360.0,2420.0,2353.0,2410.0,2410.0,155000
2018/08/21,2458.0,2493.0,2341.0,2366.0,2366.0,592100
2018/08/20,2194.0,2318.0,2157.0,2260.0,2260.0,269100
2018/08/17,2155.0,2254.0,2146.0,2228.0,2228.0,144000
2018/08/16,2200.0,2224.0,2124.0,2155.0,2155.0,303900
2018/08/15,2391.0,2408.0,2230.0,2256.0,2256.0,318100
2018/08/14,2380.0,2428.0,2370.0,2420.0,2420.0,92200
2018/08/13,2450.0,2452.0,2350.0,2374.0,2374.0,220900
2018/08/10,2509.0,2513.0,2475.0,2480.0,2480.0,104200
2018/08/09,2565.0,2569.0,2506.0,2527.0,2527.0,54400
2018/08/08,2451.0,2575.0,2451.0,2563.0,2563.0,119100
2018/08/07,2529.0,2540.0,2461.0,2468.0,2468.0,125500
2018/08/06,2530.0,2557.0,2490.0,2543.0,2543.0,103300
2018/08/03,2614.0,2620.0,2523.0,2539.0,2539.0,139400
2018/08/02,2635.0,2668.0,2611.0,2618.0,2618.0,79800
2018/08/01,2675.0,2687.0,2622.0,2648.0,2648.0,87400
2018/07/31,2580.0,2654.0,2550.0,2650.0,2650.0,183500
2018/07/30,2703.0,2723.0,2607.0,2623.0,2623.0,164500
2018/07/27,2830.0,2830.0,2690.0,2712.0,2712.0,270600
2018/07/26,2770.0,2845.0,2761.0,2809.0,2809.0,294800
2018/07/25,2733.0,2778.0,2701.0,2750.0,2750.0,189300
2018/07/24,2750.0,2790.0,2697.0,2708.0,2708.0,202800
2018/07/23,2703.0,2745.0,2670.0,2715.0,2715.0,140500
2018/07/20,2708.0,2749.0,2654.0,2703.0,2703.0,197600
2018/07/19,2720.0,2750.0,2632.0,2647.0,2647.0,257100
2018/07/18,2620.0,2736.0,2593.0,2731.0,2731.0,351900
2018/07/17,2520.0,2622.0,2467.0,2552.0,2552.0,598800
2018/07/13,2600.0,2640.0,2584.0,2585.0,2585.0,163300
2018/07/12,2543.0,2593.0,2541.0,2580.0,2580.0,140300
2018/07/11,2650.0,2665.0,2533.0,2543.0,2543.0,265600
2018/07/10,2686.0,2749.0,2651.0,2651.0,2651.0,252600
2018/07/09,2698.0,2755.0,2650.0,2685.0,2685.0,260600
2018/07/06,2541.0,2635.0,2515.0,2604.0,2604.0,319700
2018/07/05,2615.0,2676.0,2480.0,2503.0,2503.0,751000
2018/07/04,2777.0,2785.0,2668.0,2715.0,2715.0,279300
2018/07/03,2894.0,2948.0,2740.0,2785.0,2785.0,383300
2018/07/02,2990.0,3015.0,2870.0,2887.0,2887.0,351900
2018/06/29,3005.0,3050.0,2935.0,2965.0,2965.0,483400
2018/06/28,3060.0,3150.0,2987.0,3095.0,3095.0,379300
2018/06/27,3250.0,3360.0,2996.0,3080.0,3080.0,1093000
2018/06/26,3005.0,3265.0,2952.0,3075.0,3075.0,1151300
2018/06/25,3025.0,3060.0,2863.0,2880.0,2880.0,205000
2018/06/22,2990.0,3010.0,2960.0,3010.0,3010.0,134400
2018/06/21,3020.0,3080.0,3005.0,3030.0,3030.0,139000
2018/06/20,2902.0,3055.0,2888.0,3035.0,3035.0,332000
2018/06/19,3095.0,3155.0,2860.0,2894.0,2894.0,765100
2018/06/18,3195.0,3230.0,3110.0,3110.0,3110.0,258100
2018/06/15,3100.0,3245.0,3095.0,3230.0,3230.0,306100
2018/06/14,3155.0,3235.0,3110.0,3115.0,3115.0,303500
2018/06/13,3230.0,3305.0,3185.0,3205.0,3205.0,372800
2018/06/12,3150.0,3360.0,3095.0,3270.0,3270.0,732500
2018/06/11,3115.0,3230.0,3080.0,3190.0,3190.0,277100
2018/06/08,3200.0,3275.0,3135.0,3155.0,3155.0,270000
2018/06/07,3185.0,3305.0,3150.0,3210.0,3210.0,516700
2018/06/06,3235.0,3265.0,3050.0,3065.0,3065.0,653500
2018/06/05,3355.0,3490.0,3220.0,3295.0,3295.0,638800
2018/06/04,3410.0,3470.0,3345.0,3390.0,3390.0,447100
2018/06/01,3380.0,3470.0,3370.0,3420.0,3420.0,592100
2018/05/31,3320.0,3420.0,3250.0,3350.0,3350.0,910300
2018/05/30,3205.0,3375.0,3170.0,3265.0,3265.0,651400
2018/05/29,3505.0,3515.0,3280.0,3345.0,3345.0,1070400
2018/05/28,3425.0,3655.0,3335.0,3550.0,3550.0,1555200
2018/05/25,3550.0,3570.0,3360.0,3425.0,3425.0,1602500
2018/05/24,3245.0,3525.0,3200.0,3510.0,3510.0,1900600
2018/05/23,3320.0,3665.0,3185.0,3230.0,3230.0,4608200
2018/05/22,3115.0,3260.0,3075.0,3185.0,3185.0,989300
2018/05/21,3270.0,3295.0,3035.0,3115.0,3115.0,1539400
2018/05/18,3095.0,3360.0,3020.0,3265.0,3265.0,4010100
2018/05/17,2958.0,3020.0,2827.0,2930.0,2930.0,1856000
2018/05/16,2515.0,2999.0,2483.0,2945.0,2945.0,4719800
2018/05/15,2520.0,2587.0,2486.0,2499.0,2499.0,149000
2018/05/14,2533.0,2558.0,2511.0,2527.0,2527.0,62700
2018/05/11,2531.0,2580.0,2504.0,2530.0,2530.0,188100
2018/05/10,2500.0,2500.0,2470.0,2481.0,2481.0,63800
2018/05/09,2497.0,2600.0,2485.0,2500.0,2500.0,188900
2018/05/08,2500.0,2534.0,2488.0,2489.0,2489.0,71000
2018/05/07,2500.0,2513.0,2480.0,2495.0,2495.0,50800
2018/05/02,2430.0,2480.0,2430.0,2458.0,2458.0,56700
2018/05/01,2423.0,2464.0,2402.0,2430.0,2430.0,70400
2018/04/27,2512.0,2512.0,2423.0,2440.0,2440.0,105300
2018/04/26,2575.0,2590.0,2475.0,2493.0,2493.0,139700
2018/04/25,2541.0,2613.0,2541.0,2568.0,2568.0,83000
2018/04/24,2571.0,2645.0,2536.0,2568.0,2568.0,172200
2018/04/23,2601.0,2636.0,2557.0,2585.0,2585.0,125200
2018/04/20,2549.0,2650.0,2522.0,2600.0,2600.0,236800
2018/04/19,2450.0,2644.0,2448.0,2574.0,2574.0,236000
2018/04/18,2416.0,2473.0,2368.0,2467.0,2467.0,125100
2018/04/17,2369.0,2419.0,2215.0,2416.0,2416.0,284600
2018/04/16,2482.0,2489.0,2340.0,2380.0,2380.0,363900
2018/04/13,2490.0,2526.0,2480.0,2512.0,2512.0,133400
2018/04/12,2452.0,2535.0,2452.0,2494.0,2494.0,146500
2018/04/11,2516.0,2547.0,2439.0,2482.0,2482.0,185500
2018/04/10,2508.0,2547.0,2504.0,2536.0,2536.0,183700
2018/04/09,2506.0,2583.0,2506.0,2558.0,2558.0,97100
2018/04/06,2614.0,2627.0,2524.0,2530.0,2530.0,221700
2018/04/05,2641.0,2675.0,2595.0,2607.0,2607.0,141100
2018/04/04,2741.0,2747.0,2612.0,2635.0,2635.0,200000
2018/04/03,2638.0,2743.0,2627.0,2716.0,2716.0,241600
2018/04/02,2695.0,2747.0,2695.0,2710.0,2710.0,140800
2018/03/30,2718.0,2843.0,2705.0,2743.0,2743.0,411300
2018/03/29,2750.0,2750.0,2670.0,2718.0,2718.0,220400
2018/03/28,2751.0,2813.0,2676.0,2703.0,2703.0,766300
2018/03/27,2700.0,2717.0,2620.0,2651.0,2651.0,165500
2018/03/26,2555.0,2683.0,2500.0,2641.0,2641.0,246100
2018/03/23,2601.0,2663.0,2576.0,2578.0,2578.0,304800
2018/03/22,2701.0,2767.0,2700.0,2726.0,2726.0,252100
2018/03/20,2561.0,2842.0,2544.0,2736.0,2736.0,700200
2018/03/19,2689.0,2720.0,2540.0,2611.0,2611.0,682500
2018/03/16,2905.0,2949.0,2735.0,2739.0,2739.0,1152300
2018/03/15,2510.0,2970.0,2475.0,2805.0,2805.0,3320100
2018/03/14,2522.0,2535.0,2495.0,2518.0,2518.0,124000
2018/03/13,2487.0,2573.0,2481.0,2556.0,2556.0,223900
2018/03/12,2550.0,2590.0,2461.0,2512.0,2512.0,215300
2018/03/09,2550.0,2641.0,2493.0,2500.0,2500.0,509400
2018/03/08,2374.0,2533.0,2342.0,2449.0,2449.0,627700
2018/03/07,2340.0,2382.0,2270.0,2325.0,2325.0,281600
2018/03/06,2442.0,2443.0,2319.0,2323.0,2323.0,231700
2018/03/05,2579.0,2598.0,2290.0,2301.0,2301.0,479600
2018/03/02,2511.0,2611.0,2490.0,2560.0,2560.0,459500
2018/03/01,2731.0,2735.0,2646.0,2661.0,2661.0,444900
2018/02/28,2714.0,2860.0,2677.0,2757.0,2757.0,1279700
2018/02/27,2490.0,2993.0,2440.0,2764.0,2764.0,4739100
2018/02/26,2509.0,2573.0,2489.0,2515.0,2515.0,284500
2018/02/23,2313.0,2590.0,2306.0,2489.0,2489.0,1166200
2018/02/22,2403.0,2415.0,2333.0,2340.0,2340.0,371600
2018/02/21,2449.0,2524.0,2380.0,2439.0,2439.0,821700
2018/02/20,2271.0,2280.0,2216.0,2274.0,2274.0,366600
2018/02/19,2306.0,2363.0,2258.0,2320.0,2320.0,585900
2018/02/16,2057.0,2369.0,2040.0,2356.0,2356.0,1167300
2018/02/15,1999.0,2065.0,1920.0,2007.0,2007.0,317200
2018/02/14,1973.0,2048.0,1942.0,1981.0,1981.0,286800
2018/02/13,2042.0,2080.0,1942.0,1948.0,1948.0,293500
2018/02/09,1900.0,2031.0,1900.0,2031.0,2031.0,381800
2018/02/08,2100.0,2150.0,2041.0,2071.0,2071.0,442900
2018/02/07,2272.0,2290.0,2039.0,2041.0,2041.0,769300
2018/02/06,2200.0,2289.0,1996.0,2147.0,2147.0,1528900
2018/02/05,2500.0,2550.0,2419.0,2496.0,2496.0,473700
2018/02/02,2737.0,2765.0,2501.0,2580.0,2580.0,1027200
2018/02/01,2760.0,2823.0,2760.0,2773.0,2773.0,169700
2018/01/31,2845.0,2850.0,2751.0,2780.0,2780.0,558500
2018/01/30,2960.0,2978.0,2860.0,2885.0,2885.0,614800
2018/01/29,2995.0,3015.0,2951.0,2985.0,2985.0,350500
2018/01/26,3035.0,3035.0,3000.0,3005.0,3005.0,153700
2018/01/25,3025.0,3040.0,3010.0,3020.0,3020.0,100100
2018/01/24,3020.0,3040.0,3015.0,3035.0,3035.0,135700
2018/01/23,3050.0,3050.0,3005.0,3015.0,3015.0,200400
2018/01/22,3035.0,3075.0,3010.0,3055.0,3055.0,217200
2018/01/19,3025.0,3025.0,2987.0,3010.0,3010.0,162900
2018/01/18,3015.0,3035.0,2991.0,3000.0,3000.0,292200
2018/01/17,3010.0,3085.0,2950.0,2975.0,2975.0,1209000
2018/01/16,3405.0,3530.0,3130.0,3150.0,3150.0,1685400
2018/01/15,3290.0,3335.0,3215.0,3235.0,3235.0,421700
2018/01/12,3250.0,3300.0,3160.0,3175.0,3175.0,287200
2018/01/11,3370.0,3375.0,3120.0,3200.0,3200.0,708900
2018/01/10,3500.0,3580.0,3435.0,3440.0,3440.0,642400
2018/01/09,3300.0,3435.0,3260.0,3435.0,3435.0,800100
2018/01/05,3040.0,3215.0,3035.0,3170.0,3170.0,531500
2018/01/04,3050.0,3055.0,3010.0,3035.0,3035.0,176400
2017/12/29,3005.0,3045.0,2975.0,3005.0,3005.0,201600
2017/12/28,3055.0,3055.0,2995.0,3015.0,3015.0,217200
2017/12/27,3050.0,3110.0,3025.0,3040.0,3040.0,242000
2017/12/26,3030.0,3040.0,3005.0,3010.0,3010.0,176200
2017/12/25,3050.0,3070.0,3035.0,3035.0,3035.0,97300
2017/12/22,3080.0,3090.0,3035.0,3050.0,3050.0,123000
2017/12/21,3070.0,3110.0,3065.0,3080.0,3080.0,149400
2017/12/20,3040.0,3080.0,3040.0,3055.0,3055.0,132400
2017/12/19,3055.0,3070.0,3020.0,3035.0,3035.0,121600
2017/12/18,3120.0,3120.0,3035.0,3050.0,3050.0,153100
2017/12/15,3115.0,3120.0,3065.0,3075.0,3075.0,118800
2017/12/14,3085.0,3125.0,3080.0,3125.0,3125.0,71700
2017/12/13,3175.0,3175.0,3095.0,3095.0,3095.0,145300
2017/12/12,3220.0,3225.0,3140.0,3145.0,3145.0,183600
2017/12/11,3190.0,3220.0,3130.0,3220.0,3220.0,214700
2017/12/08,3105.0,3225.0,3080.0,3195.0,3195.0,471200
2017/12/07,3070.0,3095.0,3055.0,3085.0,3085.0,110600
2017/12/06,3105.0,3120.0,3055.0,3070.0,3070.0,192500
2017/12/05,3070.0,3130.0,3070.0,3115.0,3115.0,193100
2017/12/04,3160.0,3165.0,3075.0,3105.0,3105.0,220700
2017/12/01,3120.0,3165.0,3065.0,3130.0,3130.0,261600
2017/11/30,3240.0,3240.0,3075.0,3120.0,3120.0,334600
2017/11/29,3065.0,3200.0,3065.0,3190.0,3190.0,462900
2017/11/28,3020.0,3090.0,2996.0,3065.0,3065.0,321100
2017/11/27,3020.0,3035.0,2988.0,3000.0,3000.0,193000
2017/11/24,3035.0,3045.0,2985.0,3000.0,3000.0,168200
2017/11/22,3020.0,3070.0,3005.0,3050.0,3050.0,182900
2017/11/21,3000.0,3020.0,2980.0,3005.0,3005.0,162400
2017/11/20,2980.0,3015.0,2963.0,3015.0,3015.0,212700
2017/11/17,3010.0,3050.0,2988.0,3000.0,3000.0,196300
2017/11/16,2975.0,3035.0,2924.0,2982.0,2982.0,423700
2017/11/15,3020.0,3090.0,2975.0,2999.0,2999.0,364900
2017/11/14,3080.0,3125.0,3020.0,3040.0,3040.0,351800
2017/11/13,3210.0,3220.0,3110.0,3115.0,3115.0,274100
2017/11/10,3115.0,3175.0,3105.0,3165.0,3165.0,350200
2017/11/09,3210.0,3290.0,3060.0,3110.0,3110.0,862900
2017/11/08,3150.0,3210.0,3150.0,3195.0,3195.0,400400
2017/11/07,3070.0,3220.0,3070.0,3145.0,3145.0,548800
2017/11/06,3115.0,3135.0,3060.0,3075.0,3075.0,336400
2017/11/02,3130.0,3140.0,3015.0,3060.0,3060.0,472700
2017/11/01,3195.0,3240.0,3105.0,3130.0,3130.0,703900
2017/10/31,3055.0,3260.0,3035.0,3170.0,3170.0,1396200
2017/10/30,2996.0,3050.0,2971.0,3010.0,3010.0,540200
2017/10/27,2861.0,2980.0,2850.0,2948.0,2948.0,983300
2017/10/26,3030.0,3030.0,2820.0,2895.0,2895.0,2427000
2017/10/25,3075.0,3130.0,2981.0,3030.0,3030.0,1349100
2017/10/24,3285.0,3340.0,2953.0,3090.0,3090.0,5551500
2017/10/23,3500.0,3500.0,3500.0,3500.0,3500.0,73700
2017/10/20,3940.0,4200.0,3840.0,4200.0,4200.0,1490200
2017/10/19,3960.0,4000.0,3770.0,3985.0,3985.0,881900
2017/10/18,3810.0,4020.0,3735.0,3880.0,3880.0,1016800
2017/10/17,3900.0,3990.0,3750.0,3770.0,3770.0,1100800
2017/10/16,4150.0,4160.0,3615.0,3930.0,3930.0,3783000
2017/10/13,4495.0,4740.0,4105.0,4175.0,4175.0,3390400
2017/10/12,4535.0,4620.0,4305.0,4340.0,4340.0,1471900
2017/10/11,4300.0,4660.0,4175.0,4535.0,4535.0,2384400
2017/10/10,4005.0,4450.0,3950.0,4370.0,4370.0,3077800
2017/10/06,3870.0,3985.0,3720.0,3795.0,3795.0,994700
2017/10/05,3750.0,3950.0,3680.0,3815.0,3815.0,1205700
2017/10/04,3610.0,3920.0,3465.0,3750.0,3750.0,2436500
2017/10/03,3660.0,3685.0,3550.0,3580.0,3580.0,447400
2017/10/02,3600.0,3700.0,3570.0,3600.0,3600.0,483900
2017/09/29,3695.0,3730.0,3430.0,3590.0,3590.0,1476500
2017/09/28,3615.0,3740.0,3570.0,3720.0,3720.0,969300
2017/09/27,3560.0,3680.0,3480.0,3570.0,3570.0,919800
2017/09/26,3720.0,3865.0,3310.0,3450.0,3450.0,2636500
2017/09/25,3350.0,3820.0,3350.0,3770.0,3770.0,1268600
2017/09/22,3405.0,3420.0,3270.0,3315.0,3315.0,548100
2017/09/21,3360.0,3445.0,3330.0,3430.0,3430.0,759600
2017/09/20,3290.0,3630.0,3230.0,3380.0,3380.0,2270300
2017/09/19,3390.0,3440.0,3265.0,3290.0,3290.0,1153800
2017/09/15,2972.0,3165.0,2972.0,3165.0,3165.0,950800
2017/09/14,3060.0,3115.0,2954.0,2996.0,2996.0,804500
2017/09/13,3350.0,3355.0,3080.0,3120.0,3120.0,1783900
2017/09/12,2970.0,3425.0,2920.0,3315.0,3315.0,3807500
2017/09/11,3000.0,3015.0,2907.0,2924.0,2924.0,624200
2017/09/08,2930.0,3020.0,2888.0,2920.0,2920.0,925900
2017/09/07,3100.0,3165.0,2880.0,2880.0,2880.0,1665900
2017/09/06,2955.0,3145.0,2844.0,3015.0,3015.0,6373400
2017/09/05,3600.0,3670.0,3305.0,3305.0,3305.0,3362800
2017/09/04,3950.0,4080.0,3510.0,4005.0,4005.0,7395300
2017/09/01,3370.0,3825.0,3265.0,3825.0,3825.0,3149000
2017/08/31,3105.0,3135.0,3085.0,3125.0,3125.0,130400
2017/08/30,3205.0,3205.0,3085.0,3115.0,3115.0,220900
2017/08/29,3150.0,3215.0,3085.0,3180.0,3180.0,290300
2017/08/28,3020.0,3220.0,3020.0,3210.0,3210.0,286300
2017/08/25,3035.0,3035.0,3010.0,3015.0,3015.0,82300
2017/08/24,3035.0,3050.0,3005.0,3030.0,3030.0,129500
2017/08/23,3080.0,3090.0,3040.0,3060.0,3060.0,137800
2017/08/22,3005.0,3050.0,2987.0,3040.0,3040.0,192200
2017/08/21,3050.0,3050.0,2999.0,3015.0,3015.0,179500
2017/08/18,3005.0,3050.0,3000.0,3020.0,3020.0,310100
2017/08/17,3100.0,3125.0,3075.0,3105.0,3105.0,117100
2017/08/16,3040.0,3135.0,3035.0,3100.0,3100.0,196200
2017/08/15,3075.0,3090.0,3005.0,3035.0,3035.0,280100
2017/08/14,3060.0,3110.0,2999.0,3015.0,3015.0,464200
2017/08/10,3205.0,3225.0,3140.0,3175.0,3175.0,249400
2017/08/09,3245.0,3255.0,3130.0,3240.0,3240.0,257700
2017/08/08,3130.0,3270.0,3130.0,3220.0,3220.0,302200
2017/08/07,3200.0,3205.0,3130.0,3135.0,3135.0,226900
2017/08/04,3105.0,3225.0,3100.0,3155.0,3155.0,289100
2017/08/03,3290.0,3305.0,3105.0,3140.0,3140.0,566100
2017/08/02,3290.0,3350.0,3270.0,3290.0,3290.0,293900
2017/08/01,3485.0,3490.0,3190.0,3225.0,3225.0,1188700
2017/07/31,3645.0,3705.0,3505.0,3570.0,3570.0,449700
2017/07/28,3825.0,3870.0,3605.0,3695.0,3695.0,577500
2017/07/27,3775.0,3830.0,3685.0,3825.0,3825.0,371500
2017/07/26,3710.0,3820.0,3635.0,3735.0,3735.0,543300
2017/07/25,3770.0,3835.0,3680.0,3685.0,3685.0,591500
2017/07/24,3860.0,4005.0,3785.0,3840.0,3840.0,909200
2017/07/21,3655.0,3970.0,3635.0,3900.0,3900.0,1594600
2017/07/20,3525.0,3645.0,3475.0,3645.0,3645.0,576300
2017/07/19,3725.0,3745.0,3540.0,3575.0,3575.0,1196700
2017/07/18,3445.0,3680.0,3380.0,3660.0,3660.0,2135800
2017/07/14,3290.0,3365.0,3270.0,3330.0,3330.0,383100
2017/07/13,3340.0,3340.0,3275.0,3290.0,3290.0,201500
2017/07/12,3370.0,3385.0,3250.0,3315.0,3315.0,331500
2017/07/11,3215.0,3370.0,3215.0,3320.0,3320.0,608000
2017/07/10,3175.0,3300.0,3160.0,3220.0,3220.0,434700
2017/07/07,3085.0,3175.0,3080.0,3175.0,3175.0,203800
2017/07/06,3120.0,3145.0,3090.0,3120.0,3120.0,109500
2017/07/05,3090.0,3150.0,3040.0,3130.0,3130.0,187100
2017/07/04,3175.0,3180.0,3060.0,3090.0,3090.0,288900
2017/07/03,3125.0,3195.0,3125.0,3185.0,3185.0,143400
2017/06/30,3080.0,3165.0,3060.0,3160.0,3160.0,233200
2017/06/29,3200.0,3200.0,3130.0,3160.0,3160.0,208500
2017/06/28,3190.0,3210.0,3135.0,3140.0,3140.0,282200
2017/06/27,3220.0,3265.0,3135.0,3250.0,3250.0,306700
2017/06/26,3060.0,3215.0,3055.0,3195.0,3195.0,336700
2017/06/23,3200.0,3235.0,3030.0,3060.0,3060.0,486700
2017/06/22,3200.0,3310.0,2976.0,3140.0,3140.0,1682200
2017/06/21,3225.0,3255.0,3165.0,3210.0,3210.0,350400
2017/06/20,3140.0,3235.0,3095.0,3200.0,3200.0,489700
2017/06/19,3050.0,3095.0,3030.0,3085.0,3085.0,288200
2017/06/16,3035.0,3060.0,2995.0,3035.0,3035.0,182400
2017/06/15,2995.0,3030.0,2992.0,3030.0,3030.0,133600
2017/06/14,3060.0,3080.0,2991.0,3020.0,3020.0,336100
2017/06/13,3070.0,3150.0,3020.0,3060.0,3060.0,213900
2017/06/12,3085.0,3115.0,3040.0,3080.0,3080.0,171400
2017/06/09,3050.0,3090.0,2986.0,3085.0,3085.0,260900
2017/06/08,3075.0,3100.0,3025.0,3030.0,3030.0,177700
2017/06/07,3030.0,3095.0,3025.0,3045.0,3045.0,167000
2017/06/06,3190.0,3190.0,3015.0,3040.0,3040.0,372800
2017/06/05,3100.0,3175.0,3100.0,3130.0,3130.0,202500
2017/06/02,3215.0,3290.0,3145.0,3155.0,3155.0,388400
2017/06/01,3185.0,3225.0,3135.0,3200.0,3200.0,309700
2017/05/31,3120.0,3180.0,3100.0,3170.0,3170.0,218400
2017/05/30,3205.0,3210.0,3080.0,3130.0,3130.0,421300
2017/05/29,3280.0,3335.0,3200.0,3225.0,3225.0,435000
2017/05/26,3285.0,3290.0,3170.0,3225.0,3225.0,398700
2017/05/25,3325.0,3400.0,3150.0,3285.0,3285.0,976000
2017/05/24,3090.0,3305.0,3050.0,3285.0,3285.0,1248500
2017/05/23,2960.0,3040.0,2947.0,3030.0,3030.0,257200
2017/05/22,2970.0,2972.0,2925.0,2956.0,2956.0,152800
2017/05/19,3030.0,3055.0,2915.0,2946.0,2946.0,366800
2017/05/18,2984.0,3040.0,2984.0,3025.0,3025.0,188400
2017/05/17,3000.0,3125.0,2966.0,3090.0,3090.0,320900
2017/05/16,2982.0,3025.0,2970.0,3005.0,3005.0,157000
2017/05/15,2992.0,3040.0,2960.0,3010.0,3010.0,175000
2017/05/12,3045.0,3060.0,2990.0,2995.0,2995.0,188900
2017/05/11,3030.0,3100.0,3000.0,3070.0,3070.0,242100
2017/05/10,3095.0,3100.0,2980.0,3020.0,3020.0,356100
2017/05/09,2960.0,3085.0,2955.0,3075.0,3075.0,374400
2017/05/08,3000.0,3030.0,2950.0,2970.0,2970.0,334700
2017/05/02,2915.0,2944.0,2902.0,2918.0,2918.0,187700
2017/05/01,2901.0,2934.0,2895.0,2898.0,2898.0,189700
2017/04/28,3025.0,3025.0,2870.0,2883.0,2883.0,387700
2017/04/27,2915.0,3035.0,2912.0,2984.0,2984.0,516900
2017/04/26,2881.0,2941.0,2876.0,2906.0,2906.0,335700
2017/04/25,2799.0,2863.0,2796.0,2860.0,2860.0,253800
2017/04/24,2884.0,2885.0,2792.0,2793.0,2793.0,393200
2017/04/21,2945.0,2945.0,2810.0,2862.0,2862.0,407200
2017/04/20,2950.0,2984.0,2900.0,2910.0,2910.0,280600
2017/04/19,2965.0,3025.0,2953.0,2961.0,2961.0,394000
2017/04/18,3070.0,3160.0,2929.0,2977.0,2977.0,837400
2017/04/17,3255.0,3370.0,3015.0,3030.0,3030.0,2173700
2017/04/14,2815.0,3130.0,2771.0,2992.0,2992.0,1609500
2017/04/13,2750.0,2821.0,2741.0,2800.0,2800.0,247800
2017/04/12,2903.0,2915.0,2800.0,2820.0,2820.0,261000
2017/04/11,2799.0,3015.0,2786.0,2965.0,2965.0,577100
2017/04/10,2801.0,2866.0,2783.0,2798.0,2798.0,180700
2017/04/07,2800.0,2850.0,2715.0,2823.0,2823.0,303500
2017/04/06,2820.0,2855.0,2777.0,2780.0,2780.0,260200
2017/04/05,2964.0,3015.0,2820.0,2885.0,2885.0,233400
2017/04/04,3030.0,3080.0,2863.0,2918.0,2918.0,327000
2017/04/03,3170.0,3195.0,3065.0,3080.0,3080.0,302000
2017/03/31,3170.0,3200.0,3070.0,3100.0,3100.0,558300
2017/03/30,2937.0,3060.0,2937.0,3040.0,3040.0,393400
2017/03/29,2832.0,2995.0,2805.0,2937.0,2937.0,318900
2017/03/28,2837.0,2837.0,2780.0,2793.0,2793.0,106800
2017/03/27,2775.0,2837.0,2770.0,2803.0,2803.0,178000
2017/03/24,2802.0,2817.0,2736.0,2791.0,2791.0,193300
2017/03/23,2833.0,2853.0,2785.0,2785.0,2785.0,151600
2017/03/22,2851.0,2930.0,2740.0,2783.0,2783.0,364100
2017/03/21,2920.0,2962.0,2883.0,2930.0,2930.0,193900
2017/03/17,3020.0,3045.0,2864.0,2970.0,2970.0,320400
2017/03/16,2925.0,3025.0,2925.0,3015.0,3015.0,244400
2017/03/15,3090.0,3090.0,2860.0,2918.0,2918.0,423400
2017/03/14,3050.0,3120.0,3035.0,3070.0,3070.0,195100
2017/03/13,3215.0,3250.0,3110.0,3120.0,3120.0,279500
2017/03/10,3285.0,3285.0,3190.0,3190.0,3190.0,353300
2017/03/09,3170.0,3220.0,3130.0,3175.0,3175.0,304900
2017/03/08,3025.0,3380.0,3025.0,3160.0,3160.0,1815900
2017/03/07,3085.0,3100.0,3015.0,3030.0,3030.0,200800
2017/03/06,3170.0,3170.0,3055.0,3095.0,3095.0,203700
2017/03/03,3300.0,3305.0,3165.0,3170.0,3170.0,381900
2017/03/02,3365.0,3380.0,3280.0,3300.0,3300.0,259500
2017/03/01,3275.0,3345.0,3205.0,3305.0,3305.0,449500
2017/02/28,3220.0,3410.0,3195.0,3285.0,3285.0,1024500
2017/02/27,3220.0,3220.0,3105.0,3185.0,3185.0,338300
2017/02/24,3170.0,3295.0,3105.0,3160.0,3160.0,894700
2017/02/23,2848.0,3245.0,2823.0,3200.0,3200.0,1345200
2017/02/22,2836.0,2858.0,2791.0,2820.0,2820.0,194100
2017/02/21,2900.0,2935.0,2833.0,2835.0,2835.0,317300
2017/02/20,2811.0,2886.0,2807.0,2840.0,2840.0,213300
2017/02/17,2890.0,2913.0,2750.0,2814.0,2814.0,355600
2017/02/16,3010.0,3015.0,2930.0,2931.0,2931.0,205200
2017/02/15,3020.0,3050.0,2920.0,3010.0,3010.0,356500
2017/02/14,3070.0,3085.0,2996.0,3005.0,3005.0,407500
2017/02/13,2960.0,3070.0,2943.0,2974.0,2974.0,596700
2017/02/10,2815.0,2985.0,2810.0,2891.0,2891.0,810400
2017/02/09,2778.0,2927.0,2734.0,2794.0,2794.0,717900
2017/02/08,2781.0,2810.0,2735.0,2779.0,2779.0,439100
2017/02/07,2920.0,2944.0,2782.0,2788.0,2788.0,492200
2017/02/06,2879.0,2965.0,2831.0,2899.0,2899.0,495300
2017/02/03,2991.0,3065.0,2722.0,2829.0,2829.0,1506900
2017/02/02,3140.0,3165.0,3005.0,3010.0,3010.0,382300
2017/02/01,3220.0,3245.0,3035.0,3110.0,3110.0,560000
2017/01/31,3065.0,3230.0,3020.0,3180.0,3180.0,762400
2017/01/30,3000.0,3240.0,2950.0,3095.0,3095.0,1373600
2017/01/27,2720.0,3115.0,2700.0,3000.0,3000.0,4052900
2017/01/26,3435.0,3535.0,3090.0,3180.0,3180.0,2084900
2017/01/25,3640.0,3660.0,3505.0,3575.0,3575.0,662400
2017/01/24,3455.0,3640.0,3455.0,3550.0,3550.0,1073000
2017/01/23,3260.0,3520.0,3220.0,3455.0,3455.0,1131400
2017/01/20,3125.0,3360.0,3055.0,3330.0,3330.0,1595700
2017/01/19,3390.0,3445.0,3150.0,3170.0,3170.0,1216300
2017/01/18,3680.0,3715.0,3120.0,3320.0,3320.0,3441700
2017/01/17,3930.0,4030.0,3665.0,3820.0,3820.0,4340300
2017/01/16,3505.0,3565.0,3355.0,3400.0,3400.0,829100
2017/01/13,3500.0,3795.0,3345.0,3575.0,3575.0,1814200
2017/01/12,3995.0,4100.0,3500.0,3555.0,3555.0,2013700
2017/01/11,4180.0,4210.0,3880.0,3885.0,3885.0,1349200
2017/01/10,4350.0,4470.0,4200.0,4220.0,4220.0,1013300
2017/01/06,4330.0,4365.0,4240.0,4290.0,4290.0,661100
2017/01/05,4360.0,4485.0,4240.0,4375.0,4375.0,1434500
2017/01/04,4120.0,4450.0,4105.0,4405.0,4405.0,2158900
2016/12/30,3895.0,4255.0,3865.0,4050.0,4050.0,1692500
2016/12/29,4000.0,4000.0,3830.0,3920.0,3920.0,592200
2016/12/28,4050.0,4165.0,3930.0,3995.0,3995.0,900900
2016/12/27,3900.0,4095.0,3880.0,4040.0,4040.0,1764200
2016/12/26,3990.0,4225.0,3905.0,4185.0,4185.0,1992800
2016/12/22,4050.0,4125.0,3770.0,3855.0,3855.0,2260300
2016/12/21,3720.0,4135.0,3700.0,4070.0,4070.0,3132300
2016/12/20,3680.0,3835.0,3520.0,3700.0,3700.0,1445800
2016/12/19,3800.0,3960.0,3640.0,3725.0,3725.0,2799100
2016/12/16,3400.0,3760.0,3335.0,3655.0,3655.0,2441700
2016/12/15,3255.0,3350.0,3175.0,3300.0,3300.0,1053300
2016/12/14,3445.0,3570.0,3160.0,3200.0,3200.0,1831600
2016/12/13,3420.0,3685.0,3420.0,3485.0,3485.0,2399700
2016/12/12,3750.0,3800.0,3415.0,3560.0,3560.0,4034000
2016/12/09,2930.0,3695.0,2920.0,3615.0,3615.0,4056000
2016/12/08,3320.0,3385.0,3020.0,3050.0,3050.0,2176800
2016/12/07,3440.0,3520.0,3200.0,3390.0,3390.0,3849200
2016/12/06,3095.0,3430.0,3075.0,3300.0,3300.0,5489800
2016/12/05,2899.0,3095.0,2879.0,2942.0,2942.0,3281900
2016/12/02,3015.0,3075.0,2700.0,2760.0,2760.0,4754400
2016/12/01,2814.0,3175.0,2779.0,3085.0,3085.0,8874400
2016/11/30,2652.0,3040.0,2629.0,2729.0,2729.0,10515700
2016/11/29,2348.0,2582.0,2336.0,2536.0,2536.0,3191600
2016/11/28,2237.0,2392.0,2184.0,2328.0,2328.0,2385100
2016/11/25,2305.0,2320.0,2176.0,2201.0,2201.0,853400
2016/11/24,2111.0,2335.0,2111.0,2324.0,2324.0,1302900
2016/11/22,2197.0,2220.0,2079.0,2121.0,2121.0,900200
2016/11/21,2335.0,2336.0,2200.0,2235.0,2235.0,789600
2016/11/18,2415.0,2438.0,2274.0,2285.0,2285.0,1261600
2016/11/17,2365.0,2425.0,2310.0,2370.0,2370.0,1402600
2016/11/16,2328.0,2444.0,2291.0,2393.0,2393.0,2631000
2016/11/15,2239.0,2325.0,2145.0,2320.0,2320.0,2982500
2016/11/14,2210.0,2356.0,2171.0,2211.0,2211.0,3059900
2016/11/11,2126.0,2280.0,2094.0,2216.0,2216.0,2625800
2016/11/10,2100.0,2214.0,2066.0,2080.0,2080.0,2501300
2016/11/09,2085.0,2118.0,1800.0,1999.0,1999.0,1756300
2016/11/08,1951.0,2061.0,1933.0,2050.0,2050.0,1734100
2016/11/07,1967.0,2075.0,1901.0,1926.0,1926.0,1910500
2016/11/04,1970.0,1997.0,1880.0,1896.0,1896.0,1015200
2016/11/02,2150.0,2184.0,1941.0,1997.0,1997.0,2222000
2016/11/01,2030.0,2217.0,2010.0,2188.0,2188.0,4057300
2016/10/31,2052.0,2103.0,1934.0,1966.0,1966.0,2477000
2016/10/28,2176.0,2206.0,1983.0,2002.0,2002.0,3267800
2016/10/27,2138.0,2322.0,2053.0,2237.0,2237.0,4795600
2016/10/26,2510.0,2570.0,2037.0,2146.0,2146.0,6707600
2016/10/25,2634.0,2724.0,2352.0,2423.0,2423.0,7111900
2016/10/24,2800.0,3025.0,2556.0,2621.0,2621.0,12725300
2016/10/21,2500.0,2991.0,2472.0,2727.0,2727.0,12623600
2016/10/20,2614.0,2745.0,2455.0,2511.0,2511.0,9508100
2016/10/19,2414.0,2564.0,2243.0,2564.0,2564.0,10440500
2016/10/18,2064.0,2064.0,2050.0,2064.0,2064.0,893300
2016/10/17,1861.0,1875.0,1625.0,1664.0,1664.0,2636200
2016/10/14,1616.0,1798.0,1609.0,1798.0,1798.0,5168200
2016/10/13,1505.0,1520.0,1496.0,1498.0,1498.0,101100
2016/10/12,1544.0,1580.0,1478.0,1500.0,1500.0,367300
2016/10/11,1510.0,1556.0,1500.0,1504.0,1504.0,145900
2016/10/07,1521.0,1535.0,1501.0,1517.0,1517.0,121200
2016/10/06,1615.0,1638.0,1535.0,1540.0,1540.0,350000
2016/10/05,1526.0,1603.0,1526.0,1594.0,1594.0,515400
2016/10/04,1500.0,1529.0,1487.0,1513.0,1513.0,140200
2016/10/03,1509.0,1515.0,1463.0,1496.0,1496.0,103900
2016/09/30,1501.0,1548.0,1463.0,1479.0,1479.0,159800
2016/09/29,1540.0,1554.0,1492.0,1499.0,1499.0,194900
2016/09/28,1540.0,1610.0,1519.0,1554.0,1554.0,355200
2016/09/27,1516.0,1517.0,1476.0,1496.0,1496.0,129200
2016/09/26,1498.0,1592.0,1480.0,1550.0,1550.0,223600
2016/09/23,1444.0,1530.0,1442.0,1498.0,1498.0,162500
2016/09/21,1452.0,1499.0,1436.0,1474.0,1474.0,111000
2016/09/20,1466.0,1514.0,1425.0,1452.0,1452.0,131600
2016/09/16,1506.0,1540.0,1383.0,1457.0,1457.0,246200
2016/09/15,1600.0,1630.0,1462.0,1496.0,1496.0,368200
2016/09/14,1565.0,1654.0,1555.0,1590.0,1590.0,703000
2016/09/13,1548.0,1610.0,1520.0,1599.0,1599.0,631900
2016/09/12,1487.0,1549.0,1451.0,1528.0,1528.0,473300
2016/09/09,1409.0,1570.0,1381.0,1527.0,1527.0,606100
2016/09/08,1510.0,1550.0,1410.0,1439.0,1439.0,1189300
2016/09/07,1380.0,1394.0,1320.0,1391.0,1391.0,413000
2016/09/06,1229.0,1372.0,1229.0,1372.0,1372.0,477000
2016/09/05,1259.0,1314.0,1223.0,1224.0,1224.0,392900
2016/09/02,1148.0,1260.0,1141.0,1259.0,1259.0,402100
2016/09/01,1150.0,1150.0,1110.0,1144.0,1144.0,65200
2016/08/31,1173.0,1179.0,1125.0,1150.0,1150.0,44900
2016/08/30,1120.0,1175.0,1115.0,1169.0,1169.0,118900
2016/08/29,1085.0,1129.0,1075.0,1115.0,1115.0,62700
2016/08/26,1113.0,1116.0,1069.0,1069.0,1069.0,85000
2016/08/25,1155.0,1158.0,1096.0,1113.0,1113.0,195100
2016/08/24,1189.0,1247.0,1152.0,1169.0,1169.0,888100
2016/08/23,1080.0,1115.0,1045.0,1069.0,1069.0,99500
2016/08/22,1050.0,1123.0,1050.0,1081.0,1081.0,115500
2016/08/19,1027.0,1084.0,1025.0,1038.0,1038.0,46000
2016/08/18,1040.0,1049.0,1018.0,1027.0,1027.0,70300
2016/08/17,1048.0,1090.0,1036.0,1063.0,1063.0,139800
2016/08/16,1020.0,1110.0,1018.0,1032.0,1032.0,120200
2016/08/15,1035.0,1036.0,1000.0,1017.0,1017.0,43500
2016/08/12,1000.0,1059.0,999.0,1036.0,1036.0,61100
2016/08/10,1030.0,1030.0,999.0,1003.0,1003.0,42100
2016/08/09,1013.0,1034.0,1005.0,1006.0,1006.0,25300
2016/08/08,1004.0,1040.0,1004.0,1013.0,1013.0,44200
2016/08/05,1040.0,1040.0,1001.0,1001.0,1001.0,26400
2016/08/04,989.0,1055.0,981.0,1042.0,1042.0,102300
2016/08/03,1006.0,1013.0,987.0,989.0,989.0,56100
2016/08/02,1000.0,1047.0,997.0,1030.0,1030.0,94400
2016/08/01,995.0,1007.0,975.0,987.0,987.0,62100
2016/07/29,930.0,998.0,903.0,977.0,977.0,100500
2016/07/28,973.0,978.0,931.0,941.0,941.0,123200
2016/07/27,1003.0,1004.0,975.0,983.0,983.0,121800
2016/07/26,1050.0,1050.0,1000.0,1000.0,1000.0,73700
2016/07/25,1020.0,1080.0,1010.0,1057.0,1057.0,95800
2016/07/22,1002.0,1028.0,1001.0,1015.0,1015.0,51000
2016/07/21,1006.0,1031.0,1003.0,1022.0,1022.0,70800
2016/07/20,1019.0,1034.0,1001.0,1001.0,1001.0,139500
2016/07/19,1051.0,1068.0,1008.0,1041.0,1041.0,199000
2016/07/15,1095.0,1198.0,1060.0,1111.0,1111.0,156900
2016/07/14,1170.0,1170.0,1100.0,1105.0,1105.0,111100
2016/07/13,1098.0,1140.0,1072.0,1140.0,1140.0,116700
2016/07/12,1060.0,1120.0,1060.0,1079.0,1079.0,76500
2016/07/11,1041.0,1072.0,1030.0,1058.0,1058.0,57800
2016/07/08,1048.0,1080.0,1013.0,1016.0,1016.0,68300
2016/07/07,1052.0,1072.0,1023.0,1023.0,1023.0,46500
2016/07/06,1037.0,1050.0,1010.0,1042.0,1042.0,69900
2016/07/05,1100.0,1114.0,1058.0,1062.0,1062.0,63400
2016/07/04,1082.0,1125.0,1082.0,1096.0,1096.0,71000
2016/07/01,1052.0,1115.0,1049.0,1080.0,1080.0,153400
2016/06/30,1127.0,1129.0,1040.0,1041.0,1041.0,108100
2016/06/29,1045.0,1105.0,1023.0,1082.0,1082.0,119100
2016/06/28,981.0,1055.0,951.0,1016.0,1016.0,82600
2016/06/27,950.0,1010.0,950.0,1005.0,1005.0,143900
2016/06/24,1093.0,1108.0,901.0,941.0,941.0,227400
2016/06/23,1067.0,1121.0,1040.0,1073.0,1073.0,97200
2016/06/22,1074.0,1194.0,1061.0,1064.0,1064.0,201700
2016/06/21,1051.0,1131.0,1051.0,1073.0,1073.0,136300
2016/06/20,1034.0,1113.0,1023.0,1076.0,1076.0,164800
2016/06/17,1035.0,1063.0,998.0,1004.0,1004.0,225500
2016/06/16,1145.0,1168.0,981.0,1022.0,1022.0,315900
2016/06/15,1109.0,1188.0,1092.0,1175.0,1175.0,176900
2016/06/14,1250.0,1251.0,1124.0,1139.0,1139.0,233000
2016/06/13,1290.0,1302.0,1257.0,1268.0,1268.0,137900
2016/06/10,1362.0,1385.0,1303.0,1314.0,1314.0,193000
2016/06/09,1330.0,1368.0,1313.0,1322.0,1322.0,111100
2016/06/08,1330.0,1345.0,1308.0,1333.0,1333.0,97300
2016/06/07,1339.0,1361.0,1305.0,1316.0,1316.0,191600
2016/06/06,1301.0,1375.0,1290.0,1362.0,1362.0,192000
2016/06/03,1390.0,1420.0,1315.0,1327.0,1327.0,348300
2016/06/02,1440.0,1477.0,1373.0,1395.0,1395.0,174800
2016/06/01,1435.0,1600.0,1434.0,1437.0,1437.0,351100
2016/05/31,1561.0,1586.0,1460.0,1460.0,1460.0,682600
2016/05/30,1365.0,1422.0,1359.0,1407.0,1407.0,169900
2016/05/27,1344.0,1378.0,1336.0,1352.0,1352.0,96800
2016/05/26,1394.0,1425.0,1353.0,1357.0,1357.0,151900
2016/05/25,1382.0,1435.0,1373.0,1399.0,1399.0,216800
2016/05/24,1350.0,1425.0,1350.0,1393.0,1393.0,144200
2016/05/23,1339.0,1388.0,1318.0,1371.0,1371.0,126700
2016/05/20,1325.0,1349.0,1312.0,1318.0,1318.0,91900
2016/05/19,1317.0,1363.0,1300.0,1314.0,1314.0,122000
2016/05/18,1363.0,1385.0,1284.0,1291.0,1291.0,271800
2016/05/17,1389.0,1432.0,1368.0,1402.0,1402.0,147800
2016/05/16,1313.0,1404.0,1283.0,1368.0,1368.0,356800
2016/05/13,1438.0,1440.0,1282.0,1316.0,1316.0,374600
2016/05/12,1411.0,1448.0,1409.0,1424.0,1424.0,193400
2016/05/11,1450.0,1456.0,1401.0,1413.0,1413.0,237500
2016/05/10,1490.0,1495.0,1431.0,1440.0,1440.0,388800
2016/05/09,1590.0,1615.0,1410.0,1434.0,1434.0,1240900
2016/05/06,1861.0,1870.0,1781.0,1810.0,1810.0,176500
2016/05/02,1780.0,1900.0,1750.0,1835.0,1835.0,185700
2016/04/28,1958.0,1980.0,1820.0,1854.0,1854.0,222900
2016/04/27,1987.0,2033.0,1912.0,1976.0,1976.0,150300
2016/04/26,2167.0,2210.0,1873.0,1980.0,1980.0,481700
2016/04/25,2200.0,2288.0,2160.0,2170.0,2170.0,342400
2016/04/22,2191.0,2330.0,2093.0,2165.0,2165.0,404400
2016/04/21,2180.0,2420.0,2163.0,2232.0,2232.0,1099300
2016/04/20,2290.0,2290.0,2151.0,2191.0,2191.0,490200
2016/04/19,2235.0,2374.0,2104.0,2247.0,2247.0,1150000
2016/04/18,2148.0,2480.0,2052.0,2250.0,2250.0,1993400
2016/04/15,1785.0,2143.0,1771.0,2094.0,2094.0,1387400
2016/04/14,1812.0,1827.0,1750.0,1785.0,1785.0,161700
2016/04/13,1785.0,1854.0,1785.0,1807.0,1807.0,138300
2016/04/12,1803.0,1862.0,1780.0,1783.0,1783.0,180300
2016/04/11,1782.0,1832.0,1670.0,1817.0,1817.0,168100
2016/04/08,1685.0,1765.0,1679.0,1742.0,1742.0,98300
2016/04/07,1681.0,1779.0,1661.0,1723.0,1723.0,160600
2016/04/06,1669.0,1700.0,1636.0,1670.0,1670.0,93100
2016/04/05,1800.0,1830.0,1672.0,1709.0,1709.0,169800
2016/04/04,1747.0,1851.0,1610.0,1798.0,1798.0,293200
2016/04/01,1808.0,1870.0,1730.0,1732.0,1732.0,268800
2016/03/31,1860.0,1860.0,1786.0,1820.0,1820.0,100200
2016/03/30,1760.0,1840.0,1755.0,1835.0,1835.0,104000
2016/03/29,1734.0,1800.0,1734.0,1776.0,1776.0,74200
2016/03/28,1790.0,1792.0,1728.0,1734.0,1734.0,103600
2016/03/25,1788.0,1834.0,1780.0,1781.0,1781.0,77100
2016/03/24,1825.0,1841.0,1790.0,1804.0,1804.0,79100
2016/03/23,1860.0,1860.0,1781.0,1819.0,1819.0,171400
2016/03/22,1770.0,1876.0,1761.0,1870.0,1870.0,360500
2016/03/18,1730.0,1750.0,1707.0,1726.0,1726.0,59600
2016/03/17,1800.0,1818.0,1711.0,1730.0,1730.0,147700
2016/03/16,1720.0,1813.0,1701.0,1768.0,1768.0,271600
2016/03/15,1734.0,1750.0,1700.0,1715.0,1715.0,116100
2016/03/14,1790.0,1800.0,1731.0,1747.0,1747.0,131400
2016/03/11,1725.0,1760.0,1710.0,1760.0,1760.0,104300
2016/03/10,1706.0,1760.0,1706.0,1755.0,1755.0,110500
2016/03/09,1710.0,1735.0,1695.0,1701.0,1701.0,95900
2016/03/08,1781.0,1819.0,1680.0,1762.0,1762.0,152300
2016/03/07,1836.0,1866.0,1781.0,1781.0,1781.0,254500
2016/03/04,1712.0,1830.0,1703.0,1741.0,1741.0,353600
2016/03/03,1728.0,1744.0,1690.0,1706.0,1706.0,153500
2016/03/02,1734.0,1789.0,1702.0,1747.0,1747.0,235200
2016/03/01,1634.0,1755.0,1631.0,1688.0,1688.0,395800
2016/02/29,1642.0,1745.0,1636.0,1636.0,1636.0,203800
2016/02/26,1910.0,1920.0,1670.0,1706.0,1706.0,412000
2016/02/25,1990.0,1999.0,1766.0,1873.0,1873.0,1279300
2016/02/24,1750.0,1970.0,1750.0,1950.0,1950.0,1857700
2016/02/23,1745.0,1810.0,1580.0,1595.0,1595.0,268700
2016/02/22,1666.0,1762.0,1666.0,1720.0,1720.0,89500
2016/02/19,1670.0,1711.0,1641.0,1680.0,1680.0,43400
2016/02/18,1751.0,1781.0,1681.0,1709.0,1709.0,103400
2016/02/17,1577.0,1720.0,1571.0,1708.0,1708.0,127400
2016/02/16,1700.0,1740.0,1570.0,1617.0,1617.0,208100
2016/02/15,1562.0,1612.0,1435.0,1612.0,1612.0,208900
2016/02/12,1348.0,1446.0,1295.0,1312.0,1312.0,253500
2016/02/10,1688.0,1729.0,1560.0,1578.0,1578.0,103800
2016/02/09,1641.0,1680.0,1610.0,1670.0,1670.0,129300
2016/02/08,1696.0,1770.0,1639.0,1711.0,1711.0,121500
2016/02/05,1754.0,1850.0,1676.0,1748.0,1748.0,155300
2016/02/04,1790.0,1993.0,1785.0,1818.0,1818.0,307900
2016/02/03,1774.0,1805.0,1725.0,1784.0,1784.0,124600
2016/02/02,1850.0,1868.0,1800.0,1820.0,1820.0,73800
2016/02/01,1910.0,1919.0,1800.0,1820.0,1820.0,220400
2016/01/29,1978.0,1994.0,1780.0,1883.0,1883.0,336700
2016/01/28,1941.0,2078.0,1914.0,2010.0,2010.0,228500
2016/01/27,1970.0,1990.0,1885.0,1945.0,1945.0,179400
2016/01/26,1805.0,2000.0,1805.0,1915.0,1915.0,349000
2016/01/25,1843.0,1930.0,1811.0,1870.0,1870.0,294800
2016/01/22,1895.0,1900.0,1750.0,1810.0,1810.0,295500
2016/01/21,1815.0,2020.0,1730.0,1735.0,1735.0,542200
2016/01/20,2048.0,2068.0,1680.0,1709.0,1709.0,974700
2016/01/19,1742.0,2148.0,1731.0,2148.0,2148.0,1055700
2016/01/18,1680.0,1828.0,1600.0,1748.0,1748.0,702300
2016/01/15,2298.0,2460.0,1898.0,1898.0,1898.0,1154300
2016/01/14,2456.0,2480.0,2370.0,2398.0,2398.0,317700
2016/01/13,2682.0,2700.0,2456.0,2622.0,2622.0,299900
2016/01/12,2860.0,2937.0,2409.0,2532.0,2532.0,481200
2016/01/08,2850.0,2949.0,2810.0,2909.0,2909.0,216100
2016/01/07,2800.0,2929.0,2736.0,2897.0,2897.0,222900
2016/01/06,3015.0,3175.0,2742.0,2880.0,2880.0,705300
2016/01/05,3055.0,3100.0,2921.0,2980.0,2980.0,470200
2016/01/04,3055.0,3300.0,2988.0,3060.0,3060.0,1755900
2015/12/30,2845.0,3020.0,2844.0,2950.0,2950.0,585400
2015/12/29,2840.0,2875.0,2740.0,2850.0,2850.0,269600
2015/12/28,2645.0,2839.0,2601.0,2835.0,2835.0,340200
2015/12/25,2555.0,2660.0,2535.0,2545.0,2545.0,174000
2015/12/24,2759.0,2860.0,2525.0,2591.0,2591.0,363200
2015/12/22,3040.0,3050.0,2802.0,2859.0,2859.0,368800
2015/12/21,2987.0,3090.0,2771.0,2980.0,2980.0,533400
2015/12/18,2900.0,3070.0,2850.0,3005.0,3005.0,1118400
2015/12/17,2760.0,2940.0,2711.0,2840.0,2840.0,1416300
2015/12/16,2490.0,2743.0,2390.0,2710.0,2710.0,1019000
2015/12/15,2520.0,2620.0,2375.0,2390.0,2390.0,607000
2015/12/14,2221.0,2525.0,2218.0,2520.0,2520.0,677700
2015/12/11,2169.0,2250.0,2136.0,2171.0,2171.0,130300
2015/12/10,2212.0,2223.0,2154.0,2182.0,2182.0,131200
2015/12/09,2250.0,2290.0,2220.0,2250.0,2250.0,99900
2015/12/08,2347.0,2347.0,2260.0,2275.0,2275.0,114100
2015/12/07,2360.0,2399.0,2322.0,2345.0,2345.0,141000
2015/12/04,2420.0,2420.0,2247.0,2296.0,2296.0,247900
2015/12/03,2440.0,2524.0,2416.0,2442.0,2442.0,159600
2015/12/02,2578.0,2582.0,2460.0,2473.0,2473.0,219500
2015/12/01,2575.0,2630.0,2575.0,2590.0,2590.0,106200
2015/11/30,2611.0,2670.0,2550.0,2606.0,2606.0,154700
2015/11/27,2785.0,2785.0,2657.0,2661.0,2661.0,189900
2015/11/26,2945.0,3040.0,2736.0,2825.0,2825.0,475300
2015/11/25,2727.0,2905.0,2720.0,2782.0,2782.0,109500
2015/11/24,2890.0,2890.0,2760.0,2810.0,2810.0,95600
2015/11/20,2913.0,2953.0,2850.0,2908.0,2908.0,135000
2015/11/19,2736.0,2960.0,2721.0,2903.0,2903.0,459600
2015/11/18,2610.0,2779.0,2590.0,2686.0,2686.0,98600
2015/11/17,2615.0,2700.0,2542.0,2644.0,2644.0,120500
2015/11/16,2540.0,2655.0,2450.0,2608.0,2608.0,111700
2015/11/13,2738.0,2772.0,2565.0,2590.0,2590.0,203300
2015/11/12,2646.0,2870.0,2612.0,2788.0,2788.0,433600
2015/11/11,2555.0,2694.0,2552.0,2599.0,2599.0,116600
2015/11/10,2615.0,2640.0,2560.0,2573.0,2573.0,111400
2015/11/09,2643.0,2830.0,2602.0,2652.0,2652.0,559100
2015/11/06,2750.0,2820.0,2561.0,2593.0,2593.0,431100
2015/11/05,2875.0,2905.0,2646.0,2750.0,2750.0,720600
2015/11/04,3525.0,3660.0,3210.0,3255.0,3255.0,945000
2015/11/02,3360.0,3450.0,3155.0,3245.0,3245.0,1024300
2015/10/30,2723.0,3300.0,2604.0,3300.0,3300.0,1028100
2015/10/29,2992.0,3135.0,2650.0,2800.0,2800.0,918600
2015/10/28,2947.0,3150.0,2850.0,3150.0,3150.0,477100
2015/10/27,2497.0,2647.0,2415.0,2647.0,2647.0,507700
2015/10/26,2065.0,2211.0,2065.0,2147.0,2147.0,76200
2015/10/23,2082.0,2100.0,2056.0,2060.0,2060.0,30800
2015/10/22,2079.0,2121.0,2069.0,2085.0,2085.0,15300
2015/10/21,2066.0,2150.0,2066.0,2102.0,2102.0,25400
2015/10/20,2078.0,2122.0,2017.0,2106.0,2106.0,48200
2015/10/19,2123.0,2150.0,2031.0,2065.0,2065.0,48200
2015/10/16,2178.0,2195.0,2101.0,2144.0,2144.0,84100
2015/10/15,2445.0,2448.0,2157.0,2205.0,2205.0,221700
2015/10/14,2440.0,2520.0,2432.0,2490.0,2490.0,66800
2015/10/13,2415.0,2500.0,2381.0,2490.0,2490.0,98600
2015/10/09,2341.0,2419.0,2266.0,2415.0,2415.0,59300
2015/10/08,2399.0,2461.0,2300.0,2362.0,2362.0,137500
2015/10/07,2236.0,2363.0,2200.0,2363.0,2363.0,75200
2015/10/06,2280.0,2285.0,2166.0,2236.0,2236.0,38700
2015/10/05,2271.0,2321.0,2210.0,2240.0,2240.0,90300
2015/10/02,2074.0,2260.0,2050.0,2244.0,2244.0,132100
2015/10/01,1985.0,2036.0,1957.0,2030.0,2030.0,35100
2015/09/30,1987.0,2006.0,1957.0,1985.0,1985.0,25700
2015/09/29,1985.0,2075.0,1902.0,1902.0,1902.0,69800
2015/09/28,1956.0,2037.0,1946.0,1978.0,1978.0,24600
2015/09/25,1972.0,2010.0,1940.0,1960.0,1960.0,23400
2015/09/24,2000.0,2044.0,1940.0,1972.0,1972.0,38900
2015/09/18,2020.0,2050.0,2000.0,2012.0,2012.0,26000
2015/09/17,1934.0,2111.0,1934.0,2072.0,2072.0,94600
2015/09/16,2046.0,2140.0,1930.0,1930.0,1930.0,80600
2015/09/15,2107.0,2155.0,2025.0,2025.0,2025.0,69600
2015/09/14,2300.0,2348.0,2122.0,2146.0,2146.0,95200
2015/09/11,2162.0,2360.0,2161.0,2285.0,2285.0,161700
2015/09/10,2090.0,2319.0,2083.0,2212.0,2212.0,291700
2015/09/09,1980.0,2303.0,1962.0,2240.0,2240.0,881900
2015/09/08,2172.0,2189.0,1901.0,1903.0,1903.0,325000
2015/09/07,2049.0,2240.0,1986.0,2122.0,2122.0,436100
2015/09/04,2450.0,2537.0,2070.0,2115.0,2115.0,765000
2015/09/03,2587.0,2628.0,2281.0,2360.0,2360.0,819600
2015/09/02,3055.0,3250.0,2495.0,2518.0,2518.0,1558400
2015/09/01,2831.0,3250.0,2811.0,3195.0,3195.0,2536900
2015/08/31,2651.0,2910.0,2616.0,2750.0,2750.0,886200
2015/08/28,3040.0,3090.0,2555.0,2601.0,2601.0,2237200
